Cs,Hs,Ns,Os,Ss,C,N,O,P,S,n,nC,single,double,nN,single,double,nO,single,double,nP,single,double,nS,single,double,nH,charge,ring,ring3,ring4,ring5,ring6,aromatic,Cs,Hs,Ns,Os,Ss,C,N,O,P,S,n,nC,single,double,nN,single,double,nO,single,double,nP,single,double,nS,single,double,nH,charge,ring,ring3,ring4,ring5,ring6,aromatic,single,double,triple,aromatic,several,OH,O,O3,H2O2,dose,Y,,
16,15,5,7,2,1,0,0,0,0,3,2,1,1,0,0,0,0,0,0,0,0,0,0,0,0,1,0,0,0,0,0,0,0,16,15,5,7,2,1,0,0,0,0,3,3,2,1,0,0,0,0,0,0,0,0,0,0,0,0,0,0,1,0,0,0,1,0,0,1,0,0,1,0,1,0,0,0.2,0.1,,
16,15,5,7,2,1,0,0,0,0,3,3,2,1,0,0,0,0,0,0,0,0,0,0,0,0,0,0,1,0,0,0,1,0,16,15,5,7,2,1,0,0,0,0,4,1,1,0,0,0,0,0,0,0,0,0,0,1,1,0,2,0,1,0,0,0,1,0,0,1,0,0,1,0,1,0,0,0.2,0.4,,
16,15,5,7,2,1,0,0,0,0,3,3,2,1,0,0,0,0,0,0,0,0,0,0,0,0,0,0,1,0,0,0,1,0,16,15,5,7,2,1,0,0,0,0,3,2,1,1,0,0,0,0,0,0,0,0,0,0,0,0,1,0,0,0,0,0,0,0,0,1,0,0,1,0,1,0,0,0.2,0.1,,
16,15,5,7,2,1,0,0,0,0,3,2,1,1,1,1,0,0,0,0,0,0,0,0,0,0,0,0,1,0,0,0,1,0,16,15,5,7,2,0,1,0,0,0,3,3,3,0,0,0,0,0,0,0,0,0,0,0,0,0,0,0,2,0,1,0,1,0,0,1,0,0,1,0,1,0,0,0.2,0.5,,
16,15,5,7,2,0,1,0,0,0,3,3,3,0,0,0,0,0,0,0,0,0,0,0,0,0,0,0,2,0,1,0,1,0,16,15,5,7,2,1,0,0,0,0,3,1,1,0,1,1,0,1,0,1,0,0,0,0,0,0,0,0,1,0,1,0,0,0,0,1,0,0,1,0,1,0,0,0.2,0.5,,
16,15,5,7,2,0,1,0,0,0,3,3,3,0,0,0,0,0,0,0,0,0,0,0,0,0,0,0,2,0,1,0,1,0,16,15,5,7,2,1,0,0,0,0,3,2,1,1,1,1,0,0,0,0,0,0,0,0,0,0,0,0,1,0,0,0,1,0,0,1,0,0,1,0,1,0,0,0.2,0.5,,
16,15,5,7,2,1,0,0,0,0,3,1,1,0,1,1,0,1,0,1,0,0,0,0,0,0,0,0,1,0,1,0,0,0,16,15,5,7,2,0,1,0,0,0,3,3,3,0,0,0,0,0,0,0,0,0,0,0,0,0,0,0,2,0,1,0,1,0,0,1,0,0,1,0,1,0,0,0.2,0.5,,
16,15,5,7,2,1,0,0,0,0,3,1,1,0,1,1,0,1,0,1,0,0,0,0,0,0,0,0,1,0,1,0,0,0,16,15,5,7,2,0,0,0,0,1,2,2,2,0,0,0,0,0,0,0,0,0,0,0,0,0,0,0,1,0,0,0,1,0,1,0,0,0,1,0,1,0,0,0.2,0.5,,
16,15,5,7,2,1,0,0,0,0,4,2,2,0,1,1,0,0,0,0,0,0,0,0,0,0,1,0,1,0,1,0,0,0,16,15,5,7,2,0,0,0,0,1,2,2,2,0,0,0,0,0,0,0,0,0,0,0,0,0,0,0,1,0,0,0,1,0,1,0,0,0,1,0,1,0,0,0.2,0.4,,
16,15,5,7,2,1,0,0,0,0,4,2,2,0,1,1,0,0,0,0,0,0,0,0,0,0,1,0,1,0,1,0,0,0,16,15,5,7,2,0,1,0,0,0,3,2,2,0,0,0,0,0,0,0,0,0,0,0,0,0,1,0,0,0,0,0,0,0,0,1,0,0,1,0,1,0,0,0.2,0.7,,
16,15,5,7,2,1,0,0,0,0,4,2,2,0,1,1,0,0,0,0,0,0,0,0,0,0,1,0,1,0,1,0,0,0,16,15,5,7,2,0,0,0,0,1,2,2,2,0,0,0,0,0,0,0,0,0,0,0,0,0,0,0,1,0,0,0,1,0,0,1,0,0,1,0,1,0,0,0.2,0.1,,
16,15,5,7,2,1,0,0,0,0,4,2,2,0,1,1,0,0,0,0,0,0,0,0,0,0,1,0,1,0,1,0,0,0,16,15,5,7,2,1,0,0,0,0,4,1,1,0,1,1,0,0,0,0,0,0,0,1,1,0,1,0,2,0,1,0,1,0,0,1,0,0,1,0,1,0,0,0.2,0.3,,
16,15,5,7,2,1,0,0,0,0,4,1,1,0,1,1,0,0,0,0,0,0,0,1,1,0,1,0,2,0,1,0,1,0,16,15,5,7,2,0,0,0,0,1,2,2,2,0,0,0,0,0,0,0,0,0,0,0,0,0,0,0,1,0,0,0,1,0,0,1,0,0,1,0,1,0,0,0.2,0.4,,
16,15,5,7,2,1,0,0,0,0,4,1,1,0,1,1,0,0,0,0,0,0,0,1,1,0,1,0,2,0,1,0,1,0,16,15,5,7,2,1,0,0,0,0,4,2,2,0,1,1,0,0,0,0,0,0,0,0,0,0,1,0,1,0,1,0,0,0,0,1,0,0,1,0,1,0,0,0.2,0.3,,
16,15,5,7,2,0,0,0,0,1,2,2,2,0,0,0,0,0,0,0,0,0,0,0,0,0,0,0,1,0,0,0,1,0,16,15,5,7,2,1,0,0,0,0,4,2,2,0,1,1,0,0,0,0,0,0,0,0,0,0,1,0,1,0,1,0,0,0,1,0,0,0,1,0,1,0,0,0.2,0.4,,
16,15,5,7,2,0,0,0,0,1,2,2,2,0,0,0,0,0,0,0,0,0,0,0,0,0,0,0,1,0,0,0,1,0,16,15,5,7,2,1,0,0,0,0,4,1,1,0,0,0,0,0,0,0,0,0,0,1,1,0,2,0,1,0,0,0,1,0,0,1,0,0,1,0,1,0,0,0.2,0.5,,
16,15,5,7,2,0,0,0,0,1,2,2,2,0,0,0,0,0,0,0,0,0,0,0,0,0,0,0,1,0,0,0,1,0,16,15,5,7,2,1,0,0,0,0,4,2,2,0,1,1,0,0,0,0,0,0,0,0,0,0,1,0,1,0,1,0,0,0,0,1,0,0,1,0,1,0,0,0.2,0.1,,
16,15,5,7,2,0,0,0,0,1,2,2,2,0,0,0,0,0,0,0,0,0,0,0,0,0,0,0,1,0,0,0,1,0,16,15,5,7,2,1,0,0,0,0,3,1,1,0,1,1,0,1,0,1,0,0,0,0,0,0,0,0,1,0,1,0,0,0,1,0,0,0,1,0,1,0,0,0.2,0.5,,
16,15,5,7,2,0,0,0,0,1,2,2,2,0,0,0,0,0,0,0,0,0,0,0,0,0,0,0,1,0,0,0,1,0,16,15,5,7,2,1,0,0,0,0,4,1,1,0,1,1,0,0,0,0,0,0,0,1,1,0,1,0,2,0,1,0,1,0,0,1,0,0,1,0,1,0,0,0.2,0.4,,
16,15,5,7,2,1,0,0,0,0,4,1,1,0,0,0,0,0,0,0,0,0,0,1,1,0,2,0,1,0,0,0,1,0,16,15,5,7,2,0,0,0,0,1,2,2,2,0,0,0,0,0,0,0,0,0,0,0,0,0,0,0,1,0,0,0,1,0,0,1,0,0,1,0,1,0,0,0.2,0.5,,
16,15,5,7,2,1,0,0,0,0,4,1,1,0,0,0,0,0,0,0,0,0,0,1,1,0,2,0,1,0,0,0,1,0,16,15,5,7,2,1,0,0,0,0,3,3,2,1,0,0,0,0,0,0,0,0,0,0,0,0,0,0,1,0,0,0,1,0,0,1,0,0,1,0,1,0,0,0.2,0.4,,
16,15,5,7,2,0,1,0,0,0,3,2,2,0,0,0,0,0,0,0,0,0,0,0,0,0,1,0,0,0,0,0,0,0,16,15,5,7,2,1,0,0,0,0,4,2,2,0,1,1,0,0,0,0,0,0,0,0,0,0,1,0,1,0,1,0,0,0,0,1,0,0,1,0,1,0,0,0.2,0.7,,
16,15,5,7,2,1,0,0,0,0,3,2,1,1,1,1,0,0,0,0,0,0,0,0,0,0,0,0,1,0,0,1,0,0,16,15,5,7,2,0,1,0,0,0,2,2,1,1,0,0,0,0,0,0,0,0,0,0,0,0,0,0,1,0,0,1,0,0,0,1,0,0,1,0,1,0,0,0.2,0.2,,
16,15,5,7,2,1,0,0,0,0,3,2,1,1,1,1,0,0,0,0,0,0,0,0,0,0,0,0,1,0,0,1,0,0,16,15,5,7,2,0,0,0,0,1,2,2,2,0,0,0,0,0,0,0,0,0,0,0,0,0,0,0,1,0,0,1,0,0,1,0,0,0,1,0,1,0,0,0.2,0.5,,
16,15,5,7,2,1,0,0,0,0,3,2,1,1,1,1,0,0,0,0,0,0,0,0,0,0,0,0,1,0,0,1,0,0,16,15,5,7,2,0,0,0,0,1,2,2,2,0,0,0,0,0,0,0,0,0,0,0,0,0,0,0,1,0,0,1,0,0,0,1,0,0,1,0,1,0,0,0.2,0.2,,
16,15,5,7,2,0,1,0,0,0,2,2,1,1,0,0,0,0,0,0,0,0,0,0,0,0,0,0,1,0,0,1,0,0,16,15,5,7,2,1,0,0,0,0,3,2,1,1,1,1,0,0,0,0,0,0,0,0,0,0,0,0,1,0,0,1,0,0,0,1,0,0,1,0,1,0,0,0.2,0.2,,
16,15,5,7,2,0,1,0,0,0,2,2,1,1,0,0,0,0,0,0,0,0,0,0,0,0,0,0,1,0,0,1,0,0,16,15,5,7,2,0,0,0,0,1,2,2,2,0,0,0,0,0,0,0,0,0,0,0,0,0,0,0,1,0,0,1,0,0,1,0,0,0,1,0,1,0,0,0.2,0.2,,
16,15,5,7,2,1,0,0,0,0,3,0,0,0,2,1,1,0,0,0,0,0,0,1,1,0,0,0,1,0,0,1,0,0,16,15,5,7,2,0,1,0,0,0,3,1,1,0,0,0,0,0,0,0,0,0,0,0,0,0,2,0,0,0,0,0,0,0,0,1,0,0,1,0,1,0,0,0.2,0.8,,
16,15,5,7,2,1,0,0,0,0,3,0,0,0,2,1,1,0,0,0,0,0,0,1,1,0,0,0,1,0,0,1,0,0,16,15,5,7,2,0,0,0,0,1,2,2,2,0,0,0,0,0,0,0,0,0,0,0,0,0,0,0,1,0,0,1,0,0,0,1,0,0,1,0,1,0,0,0.2,0.1,,
16,15,5,7,2,0,1,0,0,0,3,1,1,0,0,0,0,0,0,0,0,0,0,0,0,0,2,0,0,0,0,0,0,0,16,15,5,7,2,1,0,0,0,0,3,0,0,0,2,1,1,0,0,0,0,0,0,1,1,0,0,0,1,0,0,1,0,0,0,1,0,0,1,0,1,0,0,0.2,0.8,,
16,15,5,7,2,0,0,0,0,1,2,2,2,0,0,0,0,0,0,0,0,0,0,0,0,0,0,0,1,0,0,1,0,0,16,15,5,7,2,1,0,0,0,0,3,2,1,1,1,1,0,0,0,0,0,0,0,0,0,0,0,0,1,0,0,1,0,0,1,0,0,0,1,0,1,0,0,0.2,0.5,,
16,15,5,7,2,0,0,0,0,1,2,2,2,0,0,0,0,0,0,0,0,0,0,0,0,0,0,0,1,0,0,1,0,0,16,15,5,7,2,1,0,0,0,0,3,1,0,1,0,0,0,0,0,0,0,0,0,1,1,0,1,0,1,0,0,1,0,0,0,1,0,0,1,0,1,0,0,0.2,0.4,,
16,15,5,7,2,0,0,0,0,1,2,2,2,0,0,0,0,0,0,0,0,0,0,0,0,0,0,0,1,0,0,1,0,0,16,15,5,7,2,1,0,0,0,0,4,1,1,0,0,0,0,1,1,0,0,0,0,0,0,0,2,0,0,0,0,0,0,0,1,0,0,0,1,0,1,0,0,0.2,0.2,,
16,15,5,7,2,0,0,0,0,1,2,2,2,0,0,0,0,0,0,0,0,0,0,0,0,0,0,0,1,0,0,1,0,0,16,15,5,7,2,0,1,0,0,0,2,2,1,1,0,0,0,0,0,0,0,0,0,0,0,0,0,0,1,0,0,1,0,0,1,0,0,0,1,0,1,0,0,0.2,0.2,,
16,15,5,7,2,0,0,0,0,1,2,2,2,0,0,0,0,0,0,0,0,0,0,0,0,0,0,0,1,0,0,1,0,0,16,15,5,7,2,1,0,0,0,0,3,2,1,1,1,1,0,0,0,0,0,0,0,0,0,0,0,0,1,0,0,1,0,0,0,1,0,0,1,0,1,0,0,0.2,0.2,,
16,15,5,7,2,0,0,0,0,1,2,2,2,0,0,0,0,0,0,0,0,0,0,0,0,0,0,0,1,0,0,1,0,0,16,15,5,7,2,1,0,0,0,0,3,0,0,0,2,1,1,0,0,0,0,0,0,1,1,0,0,0,1,0,0,1,0,0,0,1,0,0,1,0,1,0,0,0.2,0.1,,
16,15,5,7,2,1,0,0,0,0,3,1,0,1,0,0,0,0,0,0,0,0,0,1,1,0,1,0,1,0,0,1,0,0,16,15,5,7,2,0,0,0,0,1,2,2,2,0,0,0,0,0,0,0,0,0,0,0,0,0,0,0,1,0,0,1,0,0,0,1,0,0,1,0,1,0,0,0.2,0.4,,
16,15,5,7,2,0,0,1,0,0,2,1,1,0,1,1,0,0,0,0,0,0,0,0,0,0,0,0,0,0,0,0,0,0,16,15,5,7,2,1,0,0,0,0,4,1,1,0,0,0,0,1,1,0,0,0,0,0,0,0,2,0,0,0,0,0,0,0,0,1,0,0,1,0,1,0,0,0.2,0.7,,
16,15,5,7,2,1,0,0,0,0,4,1,1,0,0,0,0,1,1,0,0,0,0,0,0,0,2,0,0,0,0,0,0,0,16,15,5,7,2,0,0,1,0,0,2,1,1,0,1,1,0,0,0,0,0,0,0,0,0,0,0,0,0,0,0,0,0,0,0,1,0,0,1,0,1,0,0,0.2,0.7,,
16,15,5,7,2,1,0,0,0,0,4,1,1,0,0,0,0,1,1,0,0,0,0,0,0,0,2,0,0,0,0,0,0,0,16,15,5,7,2,0,0,0,0,1,2,2,2,0,0,0,0,0,0,0,0,0,0,0,0,0,0,0,1,0,0,1,0,0,1,0,0,0,1,0,1,0,0,0.2,0.2,,
16,15,5,7,2,1,0,0,0,0,4,1,1,0,0,0,0,1,1,0,0,0,0,0,0,0,2,0,0,0,0,0,0,0,16,15,5,7,2,0,0,1,0,0,2,1,1,0,0,0,0,0,0,0,0,0,0,0,0,0,1,0,0,0,0,0,0,0,1,0,0,0,1,0,1,0,0,0.2,0.1,,
16,15,5,7,2,0,0,1,0,0,2,1,1,0,0,0,0,0,0,0,0,0,0,0,0,0,1,0,0,0,0,0,0,0,16,15,5,7,2,1,0,0,0,0,4,1,1,0,0,0,0,1,1,0,0,0,0,0,0,0,2,0,0,0,0,0,0,0,1,0,0,0,1,0,1,0,0,0.2,0.1,,
16,15,5,7,2,1,0,0,0,0,3,2,1,1,0,0,0,0,0,0,0,0,0,0,0,0,1,0,0,0,0,0,0,0,16,15,5,7,2,1,0,0,0,0,3,3,2,1,0,0,0,0,0,0,0,0,0,0,0,0,0,0,1,0,0,0,1,0,0,1,0,0,1,0,1,0,0,0.4,0.1,,
16,15,5,7,2,1,0,0,0,0,3,3,2,1,0,0,0,0,0,0,0,0,0,0,0,0,0,0,1,0,0,0,1,0,16,15,5,7,2,1,0,0,0,0,4,1,1,0,0,0,0,0,0,0,0,0,0,1,1,0,2,0,1,0,0,0,1,0,0,1,0,0,1,0,1,0,0,0.4,0.2,,
16,15,5,7,2,1,0,0,0,0,3,3,2,1,0,0,0,0,0,0,0,0,0,0,0,0,0,0,1,0,0,0,1,0,16,15,5,7,2,1,0,0,0,0,3,2,1,1,0,0,0,0,0,0,0,0,0,0,0,0,1,0,0,0,0,0,0,0,0,1,0,0,1,0,1,0,0,0.4,0.1,,
16,15,5,7,2,1,0,0,0,0,3,2,1,1,1,1,0,0,0,0,0,0,0,0,0,0,0,0,1,0,0,0,1,0,16,15,5,7,2,0,1,0,0,0,3,3,3,0,0,0,0,0,0,0,0,0,0,0,0,0,0,0,2,0,1,0,1,0,0,1,0,0,1,0,1,0,0,0.4,0.2,,
16,15,5,7,2,1,0,0,0,0,3,2,1,1,1,1,0,0,0,0,0,0,0,0,0,0,0,0,1,0,0,0,1,0,16,15,5,7,2,0,0,1,0,0,2,1,1,0,0,0,0,0,0,0,0,0,0,0,0,0,1,0,0,0,0,0,0,0,1,0,0,0,1,0,1,0,0,0.4,0.1,,
16,15,5,7,2,0,1,0,0,0,3,3,3,0,0,0,0,0,0,0,0,0,0,0,0,0,0,0,2,0,1,0,1,0,16,15,5,7,2,1,0,0,0,0,3,1,1,0,1,1,0,1,0,1,0,0,0,0,0,0,0,0,1,0,1,0,0,0,0,1,0,0,1,0,1,0,0,0.4,0.8,,
16,15,5,7,2,0,1,0,0,0,3,3,3,0,0,0,0,0,0,0,0,0,0,0,0,0,0,0,2,0,1,0,1,0,16,15,5,7,2,1,0,0,0,0,3,2,1,1,1,1,0,0,0,0,0,0,0,0,0,0,0,0,1,0,0,0,1,0,0,1,0,0,1,0,1,0,0,0.4,0.2,,
16,15,5,7,2,1,0,0,0,0,3,1,1,0,1,1,0,1,0,1,0,0,0,0,0,0,0,0,1,0,1,0,0,0,16,15,5,7,2,0,1,0,0,0,3,3,3,0,0,0,0,0,0,0,0,0,0,0,0,0,0,0,2,0,1,0,1,0,0,1,0,0,1,0,1,0,0,0.4,0.8,,
16,15,5,7,2,1,0,0,0,0,3,1,1,0,1,1,0,1,0,1,0,0,0,0,0,0,0,0,1,0,1,0,0,0,16,15,5,7,2,0,0,0,0,1,2,2,2,0,0,0,0,0,0,0,0,0,0,0,0,0,0,0,1,0,0,0,1,0,1,0,0,0,1,0,1,0,0,0.4,0.2,,
16,15,5,7,2,1,0,0,0,0,4,2,2,0,1,1,0,0,0,0,0,0,0,0,0,0,1,0,1,0,1,0,0,0,16,15,5,7,2,0,0,0,0,1,2,2,2,0,0,0,0,0,0,0,0,0,0,0,0,0,0,0,1,0,0,0,1,0,1,0,0,0,1,0,1,0,0,0.4,0.5,,
16,15,5,7,2,1,0,0,0,0,4,2,2,0,1,1,0,0,0,0,0,0,0,0,0,0,1,0,1,0,1,0,0,0,16,15,5,7,2,0,1,0,0,0,3,2,2,0,0,0,0,0,0,0,0,0,0,0,0,0,1,0,0,0,0,0,0,0,0,1,0,0,1,0,1,0,0,0.4,0.8,,
16,15,5,7,2,1,0,0,0,0,4,2,2,0,1,1,0,0,0,0,0,0,0,0,0,0,1,0,1,0,1,0,0,0,16,15,5,7,2,1,0,0,0,0,4,1,1,0,1,1,0,0,0,0,0,0,0,1,1,0,1,0,2,0,1,0,1,0,0,1,0,0,1,0,1,0,0,0.4,0.5,,
16,15,5,7,2,1,0,0,0,0,4,1,1,0,1,1,0,0,0,0,0,0,0,1,1,0,1,0,2,0,1,0,1,0,16,15,5,7,2,0,0,0,0,1,2,2,2,0,0,0,0,0,0,0,0,0,0,0,0,0,0,0,1,0,0,0,1,0,0,1,0,0,1,0,1,0,0,0.4,0.5,,
16,15,5,7,2,1,0,0,0,0,4,1,1,0,1,1,0,0,0,0,0,0,0,1,1,0,1,0,2,0,1,0,1,0,16,15,5,7,2,1,0,0,0,0,4,2,2,0,1,1,0,0,0,0,0,0,0,0,0,0,1,0,1,0,1,0,0,0,0,1,0,0,1,0,1,0,0,0.4,0.5,,
16,15,5,7,2,0,0,0,0,1,2,2,2,0,0,0,0,0,0,0,0,0,0,0,0,0,0,0,1,0,0,0,1,0,16,15,5,7,2,1,0,0,0,0,4,2,2,0,1,1,0,0,0,0,0,0,0,0,0,0,1,0,1,0,1,0,0,0,1,0,0,0,1,0,1,0,0,0.4,0.5,,
16,15,5,7,2,0,0,0,0,1,2,2,2,0,0,0,0,0,0,0,0,0,0,0,0,0,0,0,1,0,0,0,1,0,16,15,5,7,2,1,0,0,0,0,4,1,1,0,0,0,0,0,0,0,0,0,0,1,1,0,2,0,1,0,0,0,1,0,0,1,0,0,1,0,1,0,0,0.4,0.7,,
16,15,5,7,2,0,0,0,0,1,2,2,2,0,0,0,0,0,0,0,0,0,0,0,0,0,0,0,1,0,0,0,1,0,16,15,5,7,2,1,0,0,0,0,3,1,1,0,1,1,0,1,0,1,0,0,0,0,0,0,0,0,1,0,1,0,0,0,1,0,0,0,1,0,1,0,0,0.4,0.2,,
16,15,5,7,2,0,0,0,0,1,2,2,2,0,0,0,0,0,0,0,0,0,0,0,0,0,0,0,1,0,0,0,1,0,16,15,5,7,2,1,0,0,0,0,4,1,1,0,1,1,0,0,0,0,0,0,0,1,1,0,1,0,2,0,1,0,1,0,0,1,0,0,1,0,1,0,0,0.4,0.5,,
16,15,5,7,2,1,0,0,0,0,4,1,1,0,0,0,0,0,0,0,0,0,0,1,1,0,2,0,1,0,0,0,1,0,16,15,5,7,2,0,0,0,0,1,2,2,2,0,0,0,0,0,0,0,0,0,0,0,0,0,0,0,1,0,0,0,1,0,0,1,0,0,1,0,1,0,0,0.4,0.7,,
16,15,5,7,2,1,0,0,0,0,4,1,1,0,0,0,0,0,0,0,0,0,0,1,1,0,2,0,1,0,0,0,1,0,16,15,5,7,2,1,0,0,0,0,3,3,2,1,0,0,0,0,0,0,0,0,0,0,0,0,0,0,1,0,0,0,1,0,0,1,0,0,1,0,1,0,0,0.4,0.2,,
16,15,5,7,2,0,0,1,0,0,2,1,1,0,0,0,0,0,0,0,0,0,0,0,0,0,1,0,0,0,0,0,0,0,16,15,5,7,2,1,0,0,0,0,3,2,1,1,1,1,0,0,0,0,0,0,0,0,0,0,0,0,1,0,0,0,1,0,1,0,0,0,1,0,1,0,0,0.4,0.1,,
16,15,5,7,2,0,1,0,0,0,3,2,2,0,0,0,0,0,0,0,0,0,0,0,0,0,1,0,0,0,0,0,0,0,16,15,5,7,2,1,0,0,0,0,4,2,2,0,1,1,0,0,0,0,0,0,0,0,0,0,1,0,1,0,1,0,0,0,0,1,0,0,1,0,1,0,0,0.4,0.8,,
16,15,5,7,2,0,1,0,0,0,3,2,2,0,0,0,0,0,0,0,0,0,0,0,0,0,1,0,0,0,0,0,0,0,16,15,5,7,2,1,0,0,0,0,3,1,1,0,1,1,0,1,0,1,0,0,0,0,0,0,0,0,0,0,0,0,0,0,0,1,0,0,1,0,1,0,0,0.4,0.3,,
16,15,5,7,2,1,0,0,0,0,3,1,1,0,1,1,0,1,0,1,0,0,0,0,0,0,0,0,0,0,0,0,0,0,16,15,5,7,2,0,1,0,0,0,3,2,2,0,0,0,0,0,0,0,0,0,0,0,0,0,1,0,0,0,0,0,0,0,0,1,0,0,1,0,1,0,0,0.4,0.3,,
16,15,5,7,2,1,0,0,0,0,3,1,1,0,1,1,0,1,0,1,0,0,0,0,0,0,0,0,0,0,0,0,0,0,16,15,5,7,2,1,0,0,0,0,3,2,2,0,1,0,1,0,0,0,0,0,0,0,0,0,0,0,0,0,0,0,0,0,0,1,0,0,1,0,1,0,0,0.4,0.1,,
16,15,5,7,2,1,0,0,0,0,3,2,2,0,1,0,1,0,0,0,0,0,0,0,0,0,0,0,0,0,0,0,0,0,16,15,5,7,2,1,0,0,0,0,3,1,1,0,1,1,0,1,0,1,0,0,0,0,0,0,0,0,0,0,0,0,0,0,0,1,0,0,1,0,1,0,0,0.4,0.1,,
16,15,5,7,2,1,0,0,0,0,3,2,1,1,1,1,0,0,0,0,0,0,0,0,0,0,0,0,1,0,0,1,0,0,16,15,5,7,2,0,1,0,0,0,2,2,1,1,0,0,0,0,0,0,0,0,0,0,0,0,0,0,1,0,0,1,0,0,0,1,0,0,1,0,1,0,0,0.4,0.2,,
16,15,5,7,2,1,0,0,0,0,3,2,1,1,1,1,0,0,0,0,0,0,0,0,0,0,0,0,1,0,0,1,0,0,16,15,5,7,2,0,0,0,0,1,2,2,2,0,0,0,0,0,0,0,0,0,0,0,0,0,0,0,1,0,0,1,0,0,1,0,0,0,1,0,1,0,0,0.4,0.9,,
16,15,5,7,2,1,0,0,0,0,3,2,1,1,1,1,0,0,0,0,0,0,0,0,0,0,0,0,1,0,0,1,0,0,16,15,5,7,2,0,0,0,0,1,2,2,2,0,0,0,0,0,0,0,0,0,0,0,0,0,0,0,1,0,0,1,0,0,0,1,0,0,1,0,1,0,0,0.4,0.1,,
16,15,5,7,2,0,1,0,0,0,2,2,1,1,0,0,0,0,0,0,0,0,0,0,0,0,0,0,1,0,0,1,0,0,16,15,5,7,2,1,0,0,0,0,3,2,1,1,1,1,0,0,0,0,0,0,0,0,0,0,0,0,1,0,0,1,0,0,0,1,0,0,1,0,1,0,0,0.4,0.2,,
16,15,5,7,2,0,1,0,0,0,2,2,1,1,0,0,0,0,0,0,0,0,0,0,0,0,0,0,1,0,0,1,0,0,16,15,5,7,2,0,0,0,0,1,2,2,2,0,0,0,0,0,0,0,0,0,0,0,0,0,0,0,1,0,0,1,0,0,1,0,0,0,1,0,1,0,0,0.4,0.1,,
16,15,5,7,2,1,0,0,0,0,3,0,0,0,2,1,1,0,0,0,0,0,0,1,1,0,0,0,1,0,0,1,0,0,16,15,5,7,2,0,1,0,0,0,3,1,1,0,0,0,0,0,0,0,0,0,0,0,0,0,2,0,0,0,0,0,0,0,0,1,0,0,1,0,1,0,0,0.4,0.6,,
16,15,5,7,2,0,1,0,0,0,3,1,1,0,0,0,0,0,0,0,0,0,0,0,0,0,2,0,0,0,0,0,0,0,16,15,5,7,2,1,0,0,0,0,3,0,0,0,2,1,1,0,0,0,0,0,0,1,1,0,0,0,1,0,0,1,0,0,0,1,0,0,1,0,1,0,0,0.4,0.6,,
16,15,5,7,2,0,0,0,0,1,2,2,2,0,0,0,0,0,0,0,0,0,0,0,0,0,0,0,1,0,0,1,0,0,16,15,5,7,2,1,0,0,0,0,3,2,1,1,1,1,0,0,0,0,0,0,0,0,0,0,0,0,1,0,0,1,0,0,1,0,0,0,1,0,1,0,0,0.4,0.9,,
16,15,5,7,2,0,0,0,0,1,2,2,2,0,0,0,0,0,0,0,0,0,0,0,0,0,0,0,1,0,0,1,0,0,16,15,5,7,2,1,0,0,0,0,3,1,0,1,0,0,0,0,0,0,0,0,0,1,1,0,1,0,1,0,0,1,0,0,0,1,0,0,1,0,1,0,0,0.4,0.4,,
16,15,5,7,2,0,0,0,0,1,2,2,2,0,0,0,0,0,0,0,0,0,0,0,0,0,0,0,1,0,0,1,0,0,16,15,5,7,2,1,0,0,0,0,4,1,1,0,0,0,0,1,1,0,0,0,0,0,0,0,2,0,0,0,0,0,0,0,1,0,0,0,1,0,1,0,0,0.4,0.2,,
16,15,5,7,2,0,0,0,0,1,2,2,2,0,0,0,0,0,0,0,0,0,0,0,0,0,0,0,1,0,0,1,0,0,16,15,5,7,2,0,1,0,0,0,2,2,1,1,0,0,0,0,0,0,0,0,0,0,0,0,0,0,1,0,0,1,0,0,1,0,0,0,1,0,1,0,0,0.4,0.1,,
16,15,5,7,2,0,0,0,0,1,2,2,2,0,0,0,0,0,0,0,0,0,0,0,0,0,0,0,1,0,0,1,0,0,16,15,5,7,2,1,0,0,0,0,3,2,1,1,1,1,0,0,0,0,0,0,0,0,0,0,0,0,1,0,0,1,0,0,0,1,0,0,1,0,1,0,0,0.4,0.1,,
16,15,5,7,2,1,0,0,0,0,3,1,0,1,0,0,0,0,0,0,0,0,0,1,1,0,1,0,1,0,0,1,0,0,16,15,5,7,2,0,0,0,0,1,2,2,2,0,0,0,0,0,0,0,0,0,0,0,0,0,0,0,1,0,0,1,0,0,0,1,0,0,1,0,1,0,0,0.4,0.4,,
16,15,5,7,2,1,0,0,0,0,3,1,0,1,0,0,0,0,0,0,0,0,0,1,1,0,1,0,1,0,0,1,0,0,16,15,5,7,2,0,0,1,0,0,1,1,0,1,0,0,0,0,0,0,0,0,0,0,0,0,0,0,0,0,0,0,0,0,1,0,0,0,1,0,1,0,0,0.4,0.4,,
16,15,5,7,2,0,0,1,0,0,2,1,1,0,1,1,0,0,0,0,0,0,0,0,0,0,0,0,0,0,0,0,0,0,16,15,5,7,2,1,0,0,0,0,4,1,1,0,0,0,0,1,1,0,0,0,0,0,0,0,2,0,0,0,0,0,0,0,0,1,0,0,1,0,1,0,0,0.4,1,,
16,15,5,7,2,1,0,0,0,0,4,1,1,0,0,0,0,1,1,0,0,0,0,0,0,0,2,0,0,0,0,0,0,0,16,15,5,7,2,0,0,1,0,0,2,1,1,0,1,1,0,0,0,0,0,0,0,0,0,0,0,0,0,0,0,0,0,0,0,1,0,0,1,0,1,0,0,0.4,1,,
16,15,5,7,2,1,0,0,0,0,4,1,1,0,0,0,0,1,1,0,0,0,0,0,0,0,2,0,0,0,0,0,0,0,16,15,5,7,2,0,0,0,0,1,2,2,2,0,0,0,0,0,0,0,0,0,0,0,0,0,0,0,1,0,0,1,0,0,1,0,0,0,1,0,1,0,0,0.4,0.2,,
16,15,5,7,2,1,0,0,0,0,4,1,1,0,0,0,0,1,1,0,0,0,0,0,0,0,2,0,0,0,0,0,0,0,16,15,5,7,2,0,0,1,0,0,2,1,1,0,0,0,0,0,0,0,0,0,0,0,0,0,1,0,0,0,0,0,0,0,1,0,0,0,1,0,1,0,0,0.4,0.1,,
16,15,5,7,2,1,0,0,0,0,3,1,1,0,0,0,0,2,1,1,0,0,0,0,0,0,0,0,0,0,0,0,0,0,16,15,5,7,2,0,0,1,0,0,2,1,1,0,0,0,0,0,0,0,0,0,0,0,0,0,1,0,0,0,0,0,0,0,0,1,0,0,1,0,1,0,0,0.4,0.2,,
16,15,5,7,2,0,0,1,0,0,2,1,1,0,0,0,0,0,0,0,0,0,0,0,0,0,1,0,0,0,0,0,0,0,16,15,5,7,2,1,0,0,0,0,4,1,1,0,0,0,0,1,1,0,0,0,0,0,0,0,2,0,0,0,0,0,0,0,1,0,0,0,1,0,1,0,0,0.4,0.1,,
16,15,5,7,2,1,0,0,0,0,3,1,0,1,0,0,0,0,0,0,0,0,0,0,0,0,2,0,0,0,0,0,0,0,16,15,5,7,2,0,0,0,0,1,2,2,2,0,0,0,0,0,0,0,0,0,0,0,0,0,0,0,1,0,0,0,1,0,1,0,0,0,1,0,1,0,0,0.6,0.2,,
16,15,5,7,2,1,0,0,0,0,3,2,1,1,0,0,0,0,0,0,0,0,0,0,0,0,1,0,0,0,0,0,0,0,16,15,5,7,2,1,0,0,0,0,3,3,2,1,0,0,0,0,0,0,0,0,0,0,0,0,0,0,1,0,0,0,1,0,0,1,0,0,1,0,1,0,0,0.6,0.2,,
16,15,5,7,2,1,0,0,0,0,3,2,1,1,0,0,0,0,0,0,0,0,0,0,0,0,1,0,0,0,0,0,0,0,16,15,5,7,2,0,0,0,0,1,2,2,2,0,0,0,0,0,0,0,0,0,0,0,0,0,0,0,1,0,0,0,1,0,1,0,0,0,1,0,1,0,0,0.6,0.1,,
16,15,5,7,2,1,0,0,0,0,3,2,1,1,0,0,0,0,0,0,0,0,0,0,0,0,1,0,0,0,0,0,0,0,16,15,5,7,2,0,0,0,0,1,2,2,2,0,0,0,0,0,0,0,0,0,0,0,0,0,0,0,1,0,0,0,1,0,0,1,0,0,1,0,1,0,0,0.6,0.1,,
16,15,5,7,2,1,0,0,0,0,3,3,2,1,0,0,0,0,0,0,0,0,0,0,0,0,0,0,1,0,0,0,1,0,16,15,5,7,2,1,0,0,0,0,4,1,1,0,0,0,0,0,0,0,0,0,0,1,1,0,2,0,1,0,0,0,1,0,0,1,0,0,1,0,1,0,0,0.6,0.2,,
16,15,5,7,2,1,0,0,0,0,3,3,2,1,0,0,0,0,0,0,0,0,0,0,0,0,0,0,1,0,0,0,1,0,16,15,5,7,2,1,0,0,0,0,3,2,1,1,0,0,0,0,0,0,0,0,0,0,0,0,1,0,0,0,0,0,0,0,0,1,0,0,1,0,1,0,0,0.6,0.2,,
16,15,5,7,2,1,0,0,0,0,3,3,2,1,0,0,0,0,0,0,0,0,0,0,0,0,0,0,1,0,0,0,1,0,16,15,5,7,2,0,0,0,0,1,2,2,2,0,0,0,0,0,0,0,0,0,0,0,0,0,0,0,1,0,0,0,1,0,1,0,0,0,1,0,1,0,0,0.6,0.2,,
16,15,5,7,2,1,0,0,0,0,3,2,1,1,1,1,0,0,0,0,0,0,0,0,0,0,0,0,1,0,0,0,1,0,16,15,5,7,2,0,1,0,0,0,3,3,3,0,0,0,0,0,0,0,0,0,0,0,0,0,0,0,2,0,1,0,1,0,0,1,0,0,1,0,1,0,0,0.6,0.5,,
16,15,5,7,2,1,0,0,0,0,3,2,1,1,1,1,0,0,0,0,0,0,0,0,0,0,0,0,1,0,0,0,1,0,16,15,5,7,2,0,0,0,0,1,2,2,2,0,0,0,0,0,0,0,0,0,0,0,0,0,0,0,1,0,0,0,1,0,0,1,0,0,1,0,1,0,0,0.6,0.1,,
16,15,5,7,2,0,1,0,0,0,3,3,3,0,0,0,0,0,0,0,0,0,0,0,0,0,0,0,2,0,1,0,1,0,16,15,5,7,2,1,0,0,0,0,3,1,1,0,1,1,0,1,0,1,0,0,0,0,0,0,0,0,1,0,1,0,0,0,0,1,0,0,1,0,1,0,0,0.6,0.8,,
16,15,5,7,2,0,1,0,0,0,3,3,3,0,0,0,0,0,0,0,0,0,0,0,0,0,0,0,2,0,1,0,1,0,16,15,5,7,2,1,0,0,0,0,3,2,1,1,1,1,0,0,0,0,0,0,0,0,0,0,0,0,1,0,0,0,1,0,0,1,0,0,1,0,1,0,0,0.6,0.5,,
16,15,5,7,2,1,0,0,0,0,3,1,1,0,1,1,0,1,0,1,0,0,0,0,0,0,0,0,1,0,1,0,0,0,16,15,5,7,2,0,1,0,0,0,3,3,3,0,0,0,0,0,0,0,0,0,0,0,0,0,0,0,2,0,1,0,1,0,0,1,0,0,1,0,1,0,0,0.6,0.8,,
16,15,5,7,2,1,0,0,0,0,3,1,1,0,1,1,0,1,0,1,0,0,0,0,0,0,0,0,1,0,1,0,0,0,16,15,5,7,2,0,0,0,0,1,2,2,2,0,0,0,0,0,0,0,0,0,0,0,0,0,0,0,1,0,0,0,1,0,1,0,0,0,1,0,1,0,0,0.6,0.2,,
16,15,5,7,2,1,0,0,0,0,4,2,2,0,1,1,0,0,0,0,0,0,0,0,0,0,1,0,1,0,1,0,0,0,16,15,5,7,2,0,0,0,0,1,2,2,2,0,0,0,0,0,0,0,0,0,0,0,0,0,0,0,1,0,0,0,1,0,1,0,0,0,1,0,1,0,0,0.6,0.4,,
16,15,5,7,2,1,0,0,0,0,4,2,2,0,1,1,0,0,0,0,0,0,0,0,0,0,1,0,1,0,1,0,0,0,16,15,5,7,2,0,1,0,0,0,3,2,2,0,0,0,0,0,0,0,0,0,0,0,0,0,1,0,0,0,0,0,0,0,0,1,0,0,1,0,1,0,0,0.6,0.5,,
16,15,5,7,2,1,0,0,0,0,4,2,2,0,1,1,0,0,0,0,0,0,0,0,0,0,1,0,1,0,1,0,0,0,16,15,5,7,2,1,0,0,0,0,4,1,1,0,1,1,0,0,0,0,0,0,0,1,1,0,1,0,2,0,1,0,1,0,0,1,0,0,1,0,1,0,0,0.6,0.4,,
16,15,5,7,2,1,0,0,0,0,4,2,2,0,1,1,0,0,0,0,0,0,0,0,0,0,1,0,1,0,1,0,0,0,16,15,5,7,2,1,0,0,0,0,4,1,1,0,1,1,0,0,0,0,0,0,0,1,1,0,1,0,2,0,1,0,1,0,0,0,1,0,1,0,1,0,0,0.6,0.2,,
16,15,5,7,2,1,0,0,0,0,4,1,1,0,1,1,0,0,0,0,0,0,0,1,1,0,1,0,2,0,1,0,1,0,16,15,5,7,2,0,0,0,0,1,2,2,2,0,0,0,0,0,0,0,0,0,0,0,0,0,0,0,1,0,0,0,1,0,0,1,0,0,1,0,1,0,0,0.6,0.5,,
16,15,5,7,2,1,0,0,0,0,4,1,1,0,1,1,0,0,0,0,0,0,0,1,1,0,1,0,2,0,1,0,1,0,16,15,5,7,2,1,0,0,0,0,4,2,2,0,1,1,0,0,0,0,0,0,0,0,0,0,1,0,1,0,1,0,0,0,0,1,0,0,1,0,1,0,0,0.6,0.4,,
16,15,5,7,2,1,0,0,0,0,4,1,1,0,1,1,0,0,0,0,0,0,0,1,1,0,1,0,2,0,1,0,1,0,16,15,5,7,2,1,0,0,0,0,4,2,2,0,1,1,0,0,0,0,0,0,0,0,0,0,1,0,1,0,1,0,0,0,0,0,1,0,1,0,1,0,0,0.6,0.2,,
16,15,5,7,2,0,0,0,0,1,2,2,2,0,0,0,0,0,0,0,0,0,0,0,0,0,0,0,1,0,0,0,1,0,16,15,5,7,2,1,0,0,0,0,4,2,2,0,1,1,0,0,0,0,0,0,0,0,0,0,1,0,1,0,1,0,0,0,1,0,0,0,1,0,1,0,0,0.6,0.4,,
16,15,5,7,2,0,0,0,0,1,2,2,2,0,0,0,0,0,0,0,0,0,0,0,0,0,0,0,1,0,0,0,1,0,16,15,5,7,2,1,0,0,0,0,4,1,1,0,0,0,0,0,0,0,0,0,0,1,1,0,2,0,1,0,0,0,1,0,0,1,0,0,1,0,1,0,0,0.6,0.5,,
16,15,5,7,2,0,0,0,0,1,2,2,2,0,0,0,0,0,0,0,0,0,0,0,0,0,0,0,1,0,0,0,1,0,16,15,5,7,2,1,0,0,0,0,3,1,1,0,1,1,0,1,0,1,0,0,0,0,0,0,0,0,1,0,1,0,0,0,1,0,0,0,1,0,1,0,0,0.6,0.2,,
16,15,5,7,2,0,0,0,0,1,2,2,2,0,0,0,0,0,0,0,0,0,0,0,0,0,0,0,1,0,0,0,1,0,16,15,5,7,2,1,0,0,0,0,4,1,1,0,1,1,0,0,0,0,0,0,0,1,1,0,1,0,2,0,1,0,1,0,0,1,0,0,1,0,1,0,0,0.6,0.5,,
16,15,5,7,2,0,0,0,0,1,2,2,2,0,0,0,0,0,0,0,0,0,0,0,0,0,0,0,1,0,0,0,1,0,16,15,5,7,2,1,0,0,0,0,3,1,0,1,0,0,0,0,0,0,0,0,0,0,0,0,2,0,0,0,0,0,0,0,1,0,0,0,1,0,1,0,0,0.6,0.2,,
16,15,5,7,2,0,0,0,0,1,2,2,2,0,0,0,0,0,0,0,0,0,0,0,0,0,0,0,1,0,0,0,1,0,16,15,5,7,2,1,0,0,0,0,3,2,1,1,0,0,0,0,0,0,0,0,0,0,0,0,1,0,0,0,0,0,0,0,1,0,0,0,1,0,1,0,0,0.6,0.1,,
16,15,5,7,2,0,0,0,0,1,2,2,2,0,0,0,0,0,0,0,0,0,0,0,0,0,0,0,1,0,0,0,1,0,16,15,5,7,2,1,0,0,0,0,3,3,2,1,0,0,0,0,0,0,0,0,0,0,0,0,0,0,1,0,0,0,1,0,1,0,0,0,1,0,1,0,0,0.6,0.2,,
16,15,5,7,2,0,0,0,0,1,2,2,2,0,0,0,0,0,0,0,0,0,0,0,0,0,0,0,1,0,0,0,1,0,16,15,5,7,2,1,0,0,0,0,3,2,1,1,1,1,0,0,0,0,0,0,0,0,0,0,0,0,1,0,0,0,1,0,0,1,0,0,1,0,1,0,0,0.6,0.1,,
16,15,5,7,2,0,0,0,0,1,2,2,2,0,0,0,0,0,0,0,0,0,0,0,0,0,0,0,1,0,0,0,1,0,16,15,5,7,2,1,0,0,0,0,3,2,1,1,0,0,0,0,0,0,0,0,0,0,0,0,1,0,0,0,0,0,0,0,0,1,0,0,1,0,1,0,0,0.6,0.1,,
16,15,5,7,2,1,0,0,0,0,4,1,1,0,0,0,0,0,0,0,0,0,0,1,1,0,2,0,1,0,0,0,1,0,16,15,5,7,2,0,0,0,0,1,2,2,2,0,0,0,0,0,0,0,0,0,0,0,0,0,0,0,1,0,0,0,1,0,0,1,0,0,1,0,1,0,0,0.6,0.5,,
16,15,5,7,2,1,0,0,0,0,4,1,1,0,0,0,0,0,0,0,0,0,0,1,1,0,2,0,1,0,0,0,1,0,16,15,5,7,2,1,0,0,0,0,3,3,2,1,0,0,0,0,0,0,0,0,0,0,0,0,0,0,1,0,0,0,1,0,0,1,0,0,1,0,1,0,0,0.6,0.2,,
16,15,5,7,2,1,0,0,0,0,4,1,1,0,0,0,0,0,0,0,0,0,0,1,1,0,2,0,1,0,0,0,1,0,16,15,5,7,2,0,0,1,0,0,2,1,1,0,0,0,0,0,0,0,0,0,0,0,0,0,1,0,0,0,0,0,0,0,1,0,0,0,1,0,1,0,0,0.6,0.2,,
16,15,5,7,2,1,0,0,0,0,3,1,1,0,0,0,0,2,1,1,0,0,0,0,0,0,0,0,0,0,0,0,0,0,16,15,5,7,2,0,0,1,0,0,2,1,1,0,0,0,0,0,0,0,0,0,0,0,0,0,1,0,0,0,0,0,0,0,0,1,0,0,1,0,1,0,0,0.6,0.1,,
16,15,5,7,2,0,0,1,0,0,2,1,1,0,0,0,0,0,0,0,0,0,0,0,0,0,1,0,0,0,0,0,0,0,16,15,5,7,2,1,0,0,0,0,4,1,1,0,0,0,0,0,0,0,0,0,0,1,1,0,2,0,1,0,0,0,1,0,1,0,0,0,1,0,1,0,0,0.6,0.2,,
16,15,5,7,2,0,1,0,0,0,3,2,2,0,0,0,0,0,0,0,0,0,0,0,0,0,1,0,0,0,0,0,0,0,16,15,5,7,2,1,0,0,0,0,4,2,2,0,1,1,0,0,0,0,0,0,0,0,0,0,1,0,1,0,1,0,0,0,0,1,0,0,1,0,1,0,0,0.6,0.5,,
16,15,5,7,2,0,1,0,0,0,3,2,2,0,0,0,0,0,0,0,0,0,0,0,0,0,1,0,0,0,0,0,0,0,16,15,5,7,2,1,0,0,0,0,3,1,1,0,1,1,0,1,0,1,0,0,0,0,0,0,0,0,0,0,0,0,0,0,0,1,0,0,1,0,1,0,0,0.6,0.2,,
16,15,5,7,2,1,0,0,0,0,3,1,1,0,1,1,0,1,0,1,0,0,0,0,0,0,0,0,0,0,0,0,0,0,16,15,5,7,2,0,1,0,0,0,3,2,2,0,0,0,0,0,0,0,0,0,0,0,0,0,1,0,0,0,0,0,0,0,0,1,0,0,1,0,1,0,0,0.6,0.2,,
16,15,5,7,2,1,0,0,0,0,3,1,1,0,1,1,0,1,0,1,0,0,0,0,0,0,0,0,0,0,0,0,0,0,16,15,5,7,2,1,0,0,0,0,3,2,2,0,1,0,1,0,0,0,0,0,0,0,0,0,0,0,0,0,0,0,0,0,0,1,0,0,1,0,1,0,0,0.6,0.1,,
16,15,5,7,2,1,0,0,0,0,3,2,2,0,1,0,1,0,0,0,0,0,0,0,0,0,0,0,0,0,0,0,0,0,16,15,5,7,2,1,0,0,0,0,3,1,1,0,1,1,0,1,0,1,0,0,0,0,0,0,0,0,0,0,0,0,0,0,0,1,0,0,1,0,1,0,0,0.6,0.1,,
16,15,5,7,2,1,0,0,0,0,3,2,1,1,1,1,0,0,0,0,0,0,0,0,0,0,0,0,1,0,0,1,0,0,16,15,5,7,2,0,1,0,0,0,2,2,1,1,0,0,0,0,0,0,0,0,0,0,0,0,0,0,1,0,0,1,0,0,0,1,0,0,1,0,1,0,0,0.6,0.3,,
16,15,5,7,2,1,0,0,0,0,3,2,1,1,1,1,0,0,0,0,0,0,0,0,0,0,0,0,1,0,0,1,0,0,16,15,5,7,2,0,0,0,0,1,2,2,2,0,0,0,0,0,0,0,0,0,0,0,0,0,0,0,1,0,0,1,0,0,1,0,0,0,1,0,1,0,0,0.6,0.8,,
16,15,5,7,2,1,0,0,0,0,3,2,1,1,1,1,0,0,0,0,0,0,0,0,0,0,0,0,1,0,0,1,0,0,16,15,5,7,2,0,0,0,0,1,2,2,2,0,0,0,0,0,0,0,0,0,0,0,0,0,0,0,1,0,0,1,0,0,0,1,0,0,1,0,1,0,0,0.6,0.1,,
16,15,5,7,2,0,1,0,0,0,2,2,1,1,0,0,0,0,0,0,0,0,0,0,0,0,0,0,1,0,0,1,0,0,16,15,5,7,2,1,0,0,0,0,3,2,1,1,1,1,0,0,0,0,0,0,0,0,0,0,0,0,1,0,0,1,0,0,0,1,0,0,1,0,1,0,0,0.6,0.3,,
16,15,5,7,2,1,0,0,0,0,3,0,0,0,2,1,1,0,0,0,0,0,0,1,1,0,0,0,1,0,0,1,0,0,16,15,5,7,2,0,1,0,0,0,3,1,1,0,0,0,0,0,0,0,0,0,0,0,0,0,2,0,0,0,0,0,0,0,0,1,0,0,1,0,1,0,0,0.6,0.4,,
16,15,5,7,2,1,0,0,0,0,3,0,0,0,2,1,1,0,0,0,0,0,0,1,1,0,0,0,1,0,0,1,0,0,16,15,5,7,2,0,0,0,0,1,2,2,2,0,0,0,0,0,0,0,0,0,0,0,0,0,0,0,1,0,0,1,0,0,0,1,0,0,1,0,1,0,0,0.6,0.1,,
16,15,5,7,2,0,1,0,0,0,3,1,1,0,0,0,0,0,0,0,0,0,0,0,0,0,2,0,0,0,0,0,0,0,16,15,5,7,2,1,0,0,0,0,3,0,0,0,2,1,1,0,0,0,0,0,0,1,1,0,0,0,1,0,0,1,0,0,0,1,0,0,1,0,1,0,0,0.6,0.4,,
16,15,5,7,2,0,0,0,0,1,2,2,2,0,0,0,0,0,0,0,0,0,0,0,0,0,0,0,1,0,0,1,0,0,16,15,5,7,2,1,0,0,0,0,3,2,1,1,1,1,0,0,0,0,0,0,0,0,0,0,0,0,1,0,0,1,0,0,1,0,0,0,1,0,1,0,0,0.6,0.8,,
16,15,5,7,2,0,0,0,0,1,2,2,2,0,0,0,0,0,0,0,0,0,0,0,0,0,0,0,1,0,0,1,0,0,16,15,5,7,2,1,0,0,0,0,3,1,0,1,0,0,0,0,0,0,0,0,0,1,1,0,1,0,1,0,0,1,0,0,0,1,0,0,1,0,1,0,0,0.6,0.6,,
16,15,5,7,2,0,0,0,0,1,2,2,2,0,0,0,0,0,0,0,0,0,0,0,0,0,0,0,1,0,0,1,0,0,16,15,5,7,2,1,0,0,0,0,3,2,1,1,1,1,0,0,0,0,0,0,0,0,0,0,0,0,1,0,0,1,0,0,0,1,0,0,1,0,1,0,0,0.6,0.1,,
16,15,5,7,2,0,0,0,0,1,2,2,2,0,0,0,0,0,0,0,0,0,0,0,0,0,0,0,1,0,0,1,0,0,16,15,5,7,2,1,0,0,0,0,3,0,0,0,2,1,1,0,0,0,0,0,0,1,1,0,0,0,1,0,0,1,0,0,0,1,0,0,1,0,1,0,0,0.6,0.1,,
16,15,5,7,2,1,0,0,0,0,3,1,0,1,0,0,0,0,0,0,0,0,0,1,1,0,1,0,1,0,0,1,0,0,16,15,5,7,2,0,0,0,0,1,2,2,2,0,0,0,0,0,0,0,0,0,0,0,0,0,0,0,1,0,0,1,0,0,0,1,0,0,1,0,1,0,0,0.6,0.6,,
16,15,5,7,2,1,0,0,0,0,3,1,0,1,0,0,0,0,0,0,0,0,0,1,1,0,1,0,1,0,0,1,0,0,16,15,5,7,2,0,0,1,0,0,1,1,0,1,0,0,0,0,0,0,0,0,0,0,0,0,0,0,0,0,0,0,0,0,1,0,0,0,1,0,1,0,0,0.6,0.3,,
16,15,5,7,2,0,0,1,0,0,2,1,1,0,1,1,0,0,0,0,0,0,0,0,0,0,0,0,0,0,0,0,0,0,16,15,5,7,2,1,0,0,0,0,4,1,1,0,0,0,0,1,1,0,0,0,0,0,0,0,2,0,0,0,0,0,0,0,0,1,0,0,1,0,1,0,0,0.6,0.8,,
16,15,5,7,2,1,0,0,0,0,4,1,1,0,0,0,0,1,1,0,0,0,0,0,0,0,2,0,0,0,0,0,0,0,16,15,5,7,2,0,0,1,0,0,2,1,1,0,1,1,0,0,0,0,0,0,0,0,0,0,0,0,0,0,0,0,0,0,0,1,0,0,1,0,1,0,0,0.6,0.8,,
16,15,5,7,2,1,0,0,0,0,4,1,1,0,0,0,0,1,1,0,0,0,0,0,0,0,2,0,0,0,0,0,0,0,16,15,5,7,2,0,0,1,0,0,2,1,1,0,0,0,0,0,0,0,0,0,0,0,0,0,1,0,0,0,0,0,0,0,1,0,0,0,1,0,1,0,0,0.6,0.3,,
16,15,5,7,2,1,0,0,0,0,3,1,1,0,0,0,0,2,1,1,0,0,0,0,0,0,0,0,0,0,0,0,0,0,16,15,5,7,2,0,0,1,0,0,2,1,1,0,0,0,0,0,0,0,0,0,0,0,0,0,1,0,0,0,0,0,0,0,0,1,0,0,1,0,1,0,0,0.6,0.1,,
16,15,5,7,2,0,0,1,0,0,2,1,1,0,0,0,0,0,0,0,0,0,0,0,0,0,1,0,0,0,0,0,0,0,16,15,5,7,2,1,0,0,0,0,4,1,1,0,0,0,0,1,1,0,0,0,0,0,0,0,2,0,0,0,0,0,0,0,1,0,0,0,1,0,1,0,0,0.6,0.3,,
16,15,5,7,2,1,0,0,0,0,3,1,0,1,0,0,0,0,0,0,0,0,0,0,0,0,2,0,0,0,0,0,0,0,16,15,5,7,2,0,0,0,0,1,2,2,2,0,0,0,0,0,0,0,0,0,0,0,0,0,0,0,1,0,0,0,1,0,1,0,0,0,1,0,1,0,0,0.8,0.1,,
16,15,5,7,2,1,0,0,0,0,3,2,1,1,0,0,0,0,0,0,0,0,0,0,0,0,1,0,0,0,0,0,0,0,16,15,5,7,2,1,0,0,0,0,3,3,2,1,0,0,0,0,0,0,0,0,0,0,0,0,0,0,1,0,0,0,1,0,0,1,0,0,1,0,1,0,0,0.8,0.2,,
16,15,5,7,2,1,0,0,0,0,3,3,2,1,0,0,0,0,0,0,0,0,0,0,0,0,0,0,1,0,0,0,1,0,16,15,5,7,2,1,0,0,0,0,4,1,1,0,0,0,0,0,0,0,0,0,0,1,1,0,2,0,1,0,0,0,1,0,0,1,0,0,1,0,1,0,0,0.8,0.4,,
16,15,5,7,2,1,0,0,0,0,3,3,2,1,0,0,0,0,0,0,0,0,0,0,0,0,0,0,1,0,0,0,1,0,16,15,5,7,2,1,0,0,0,0,3,2,1,1,0,0,0,0,0,0,0,0,0,0,0,0,1,0,0,0,0,0,0,0,0,1,0,0,1,0,1,0,0,0.8,0.2,,
16,15,5,7,2,1,0,0,0,0,3,2,1,1,1,1,0,0,0,0,0,0,0,0,0,0,0,0,1,0,0,0,1,0,16,15,5,7,2,0,1,0,0,0,3,3,3,0,0,0,0,0,0,0,0,0,0,0,0,0,0,0,2,0,1,0,1,0,0,1,0,0,1,0,1,0,0,0.8,0.6,,
16,15,5,7,2,1,0,0,0,0,3,2,1,1,1,1,0,0,0,0,0,0,0,0,0,0,0,0,1,0,0,0,1,0,16,15,5,7,2,1,0,0,0,0,3,1,1,0,0,0,0,2,1,1,0,0,0,0,0,0,0,0,0,0,0,0,0,0,0,1,0,0,1,0,1,0,0,0.8,0.1,,
16,15,5,7,2,0,1,0,0,0,3,3,3,0,0,0,0,0,0,0,0,0,0,0,0,0,0,0,2,0,1,0,1,0,16,15,5,7,2,1,0,0,0,0,3,1,1,0,1,1,0,1,0,1,0,0,0,0,0,0,0,0,1,0,1,0,0,0,0,1,0,0,1,0,1,0,0,0.8,0.4,,
16,15,5,7,2,0,1,0,0,0,3,3,3,0,0,0,0,0,0,0,0,0,0,0,0,0,0,0,2,0,1,0,1,0,16,15,5,7,2,1,0,0,0,0,3,2,1,1,1,1,0,0,0,0,0,0,0,0,0,0,0,0,1,0,0,0,1,0,0,1,0,0,1,0,1,0,0,0.8,0.6,,
16,15,5,7,2,1,0,0,0,0,3,1,1,0,1,1,0,1,0,1,0,0,0,0,0,0,0,0,1,0,1,0,0,0,16,15,5,7,2,0,1,0,0,0,3,3,3,0,0,0,0,0,0,0,0,0,0,0,0,0,0,0,2,0,1,0,1,0,0,1,0,0,1,0,1,0,0,0.8,0.4,,
16,15,5,7,2,1,0,0,0,0,3,1,1,0,1,1,0,1,0,1,0,0,0,0,0,0,0,0,1,0,1,0,0,0,16,15,5,7,2,0,0,0,0,1,2,2,2,0,0,0,0,0,0,0,0,0,0,0,0,0,0,0,1,0,0,0,1,0,1,0,0,0,1,0,1,0,0,0.8,0.5,,
16,15,5,7,2,1,0,0,0,0,3,1,1,0,1,1,0,1,0,1,0,0,0,0,0,0,0,0,1,0,1,0,0,0,16,15,5,7,2,0,0,1,0,0,1,1,0,1,0,0,0,0,0,0,0,0,0,0,0,0,0,0,0,0,0,0,0,0,0,0,1,0,1,0,1,0,0,0.8,0.1,,
16,15,5,7,2,1,0,0,0,0,4,2,2,0,1,1,0,0,0,0,0,0,0,0,0,0,1,0,1,0,1,0,0,0,16,15,5,7,2,0,0,0,0,1,2,2,2,0,0,0,0,0,0,0,0,0,0,0,0,0,0,0,1,0,0,0,1,0,1,0,0,0,1,0,1,0,0,0.8,0.4,,
16,15,5,7,2,1,0,0,0,0,4,2,2,0,1,1,0,0,0,0,0,0,0,0,0,0,1,0,1,0,1,0,0,0,16,15,5,7,2,0,1,0,0,0,3,2,2,0,0,0,0,0,0,0,0,0,0,0,0,0,1,0,0,0,0,0,0,0,0,1,0,0,1,0,1,0,0,0.8,0.6,,
16,15,5,7,2,1,0,0,0,0,4,2,2,0,1,1,0,0,0,0,0,0,0,0,0,0,1,0,1,0,1,0,0,0,16,15,5,7,2,0,0,0,0,1,2,2,2,0,0,0,0,0,0,0,0,0,0,0,0,0,0,0,1,0,0,0,1,0,0,1,0,0,1,0,1,0,0,0.8,0.1,,
16,15,5,7,2,1,0,0,0,0,4,2,2,0,1,1,0,0,0,0,0,0,0,0,0,0,1,0,1,0,1,0,0,0,16,15,5,7,2,1,0,0,0,0,4,1,1,0,1,1,0,0,0,0,0,0,0,1,1,0,1,0,2,0,1,0,1,0,0,1,0,0,1,0,1,0,0,0.8,0.5,,
16,15,5,7,2,1,0,0,0,0,4,2,2,0,1,1,0,0,0,0,0,0,0,0,0,0,1,0,1,0,1,0,0,0,16,15,5,7,2,1,0,0,0,0,4,1,1,0,1,1,0,0,0,0,0,0,0,1,1,0,1,0,2,0,1,0,1,0,0,0,1,0,1,0,1,0,0,0.8,0.1,,
16,15,5,7,2,1,0,0,0,0,4,1,1,0,1,1,0,0,0,0,0,0,0,1,1,0,1,0,2,0,1,0,1,0,16,15,5,7,2,0,0,0,0,1,2,2,2,0,0,0,0,0,0,0,0,0,0,0,0,0,0,0,1,0,0,0,1,0,0,1,0,0,1,0,1,0,0,0.8,0.2,,
16,15,5,7,2,1,0,0,0,0,4,1,1,0,1,1,0,0,0,0,0,0,0,1,1,0,1,0,2,0,1,0,1,0,16,15,5,7,2,1,0,0,0,0,4,2,2,0,1,1,0,0,0,0,0,0,0,0,0,0,1,0,1,0,1,0,0,0,0,1,0,0,1,0,1,0,0,0.8,0.5,,
16,15,5,7,2,1,0,0,0,0,4,1,1,0,1,1,0,0,0,0,0,0,0,1,1,0,1,0,2,0,1,0,1,0,16,15,5,7,2,1,0,0,0,0,4,2,2,0,1,1,0,0,0,0,0,0,0,0,0,0,1,0,1,0,1,0,0,0,0,0,1,0,1,0,1,0,0,0.8,0.1,,
16,15,5,7,2,1,0,0,0,0,4,1,1,0,1,1,0,0,0,0,0,0,0,1,1,0,1,0,2,0,1,0,1,0,16,15,5,7,2,0,0,0,0,1,2,2,2,0,0,0,0,0,0,0,0,0,0,0,0,0,0,0,1,0,0,0,1,0,0,0,1,0,1,0,1,0,0,0.8,0.1,,
16,15,5,7,2,1,0,0,0,0,4,1,1,0,1,1,0,0,0,0,0,0,0,1,1,0,1,0,2,0,1,0,1,0,16,15,5,7,2,0,0,1,0,0,1,1,0,1,0,0,0,0,0,0,0,0,0,0,0,0,0,0,0,0,0,0,0,0,1,0,0,0,1,0,1,0,0,0.8,0.1,,
16,15,5,7,2,0,0,0,0,1,2,2,2,0,0,0,0,0,0,0,0,0,0,0,0,0,0,0,1,0,0,0,1,0,16,15,5,7,2,1,0,0,0,0,4,2,2,0,1,1,0,0,0,0,0,0,0,0,0,0,1,0,1,0,1,0,0,0,1,0,0,0,1,0,1,0,0,0.8,0.4,,
16,15,5,7,2,0,0,0,0,1,2,2,2,0,0,0,0,0,0,0,0,0,0,0,0,0,0,0,1,0,0,0,1,0,16,15,5,7,2,1,0,0,0,0,4,1,1,0,0,0,0,0,0,0,0,0,0,1,1,0,2,0,1,0,0,0,1,0,0,1,0,0,1,0,1,0,0,0.8,0.2,,
16,15,5,7,2,0,0,0,0,1,2,2,2,0,0,0,0,0,0,0,0,0,0,0,0,0,0,0,1,0,0,0,1,0,16,15,5,7,2,1,0,0,0,0,4,2,2,0,1,1,0,0,0,0,0,0,0,0,0,0,1,0,1,0,1,0,0,0,0,1,0,0,1,0,1,0,0,0.8,0.1,,
16,15,5,7,2,0,0,0,0,1,2,2,2,0,0,0,0,0,0,0,0,0,0,0,0,0,0,0,1,0,0,0,1,0,16,15,5,7,2,1,0,0,0,0,3,1,1,0,1,1,0,1,0,1,0,0,0,0,0,0,0,0,1,0,1,0,0,0,1,0,0,0,1,0,1,0,0,0.8,0.5,,
16,15,5,7,2,0,0,0,0,1,2,2,2,0,0,0,0,0,0,0,0,0,0,0,0,0,0,0,1,0,0,0,1,0,16,15,5,7,2,1,0,0,0,0,4,1,1,0,1,1,0,0,0,0,0,0,0,1,1,0,1,0,2,0,1,0,1,0,0,1,0,0,1,0,1,0,0,0.8,0.2,,
16,15,5,7,2,0,0,0,0,1,2,2,2,0,0,0,0,0,0,0,0,0,0,0,0,0,0,0,1,0,0,0,1,0,16,15,5,7,2,1,0,0,0,0,3,1,0,1,0,0,0,0,0,0,0,0,0,0,0,0,2,0,0,0,0,0,0,0,1,0,0,0,1,0,1,0,0,0.8,0.1,,
16,15,5,7,2,0,0,0,0,1,2,2,2,0,0,0,0,0,0,0,0,0,0,0,0,0,0,0,1,0,0,0,1,0,16,15,5,7,2,1,0,0,0,0,4,1,1,0,1,1,0,0,0,0,0,0,0,1,1,0,1,0,2,0,1,0,1,0,0,0,1,0,1,0,1,0,0,0.8,0.1,,
16,15,5,7,2,1,0,0,0,0,4,1,1,0,0,0,0,0,0,0,0,0,0,1,1,0,2,0,1,0,0,0,1,0,16,15,5,7,2,0,0,0,0,1,2,2,2,0,0,0,0,0,0,0,0,0,0,0,0,0,0,0,1,0,0,0,1,0,0,1,0,0,1,0,1,0,0,0.8,0.2,,
16,15,5,7,2,1,0,0,0,0,4,1,1,0,0,0,0,0,0,0,0,0,0,1,1,0,2,0,1,0,0,0,1,0,16,15,5,7,2,1,0,0,0,0,3,3,2,1,0,0,0,0,0,0,0,0,0,0,0,0,0,0,1,0,0,0,1,0,0,1,0,0,1,0,1,0,0,0.8,0.4,,
16,15,5,7,2,1,0,0,0,0,3,1,1,0,0,0,0,2,1,1,0,0,0,0,0,0,0,0,0,0,0,0,0,0,16,15,5,7,2,1,0,0,0,0,3,2,1,1,1,1,0,0,0,0,0,0,0,0,0,0,0,0,1,0,0,0,1,0,0,1,0,0,1,0,1,0,0,0.8,0.1,,
16,15,5,7,2,0,1,0,0,0,3,2,2,0,0,0,0,0,0,0,0,0,0,0,0,0,1,0,0,0,0,0,0,0,16,15,5,7,2,1,0,0,0,0,4,2,2,0,1,1,0,0,0,0,0,0,0,0,0,0,1,0,1,0,1,0,0,0,0,1,0,0,1,0,1,0,0,0.8,0.6,,
16,15,5,7,2,0,1,0,0,0,3,2,2,0,0,0,0,0,0,0,0,0,0,0,0,0,1,0,0,0,0,0,0,0,16,15,5,7,2,1,0,0,0,0,3,1,1,0,1,1,0,1,0,1,0,0,0,0,0,0,0,0,0,0,0,0,0,0,0,1,0,0,1,0,1,0,0,0.8,0.3,,
16,15,5,7,2,1,0,0,0,0,3,1,1,0,1,1,0,1,0,1,0,0,0,0,0,0,0,0,0,0,0,0,0,0,16,15,5,7,2,0,1,0,0,0,3,2,2,0,0,0,0,0,0,0,0,0,0,0,0,0,1,0,0,0,0,0,0,0,0,1,0,0,1,0,1,0,0,0.8,0.3,,
16,15,5,7,2,1,0,0,0,0,3,2,1,1,1,1,0,0,0,0,0,0,0,0,0,0,0,0,1,0,0,1,0,0,16,15,5,7,2,0,1,0,0,0,2,2,1,1,0,0,0,0,0,0,0,0,0,0,0,0,0,0,1,0,0,1,0,0,0,1,0,0,1,0,1,0,0,0.8,0.1,,
16,15,5,7,2,1,0,0,0,0,3,2,1,1,1,1,0,0,0,0,0,0,0,0,0,0,0,0,1,0,0,1,0,0,16,15,5,7,2,0,0,0,0,1,2,2,2,0,0,0,0,0,0,0,0,0,0,0,0,0,0,0,1,0,0,1,0,0,1,0,0,0,1,0,1,0,0,0.8,0.6,,
16,15,5,7,2,1,0,0,0,0,3,2,1,1,1,1,0,0,0,0,0,0,0,0,0,0,0,0,1,0,0,1,0,0,16,15,5,7,2,0,0,0,0,1,2,2,2,0,0,0,0,0,0,0,0,0,0,0,0,0,0,0,1,0,0,1,0,0,0,1,0,0,1,0,1,0,0,0.8,0.4,,
16,15,5,7,2,0,1,0,0,0,2,2,1,1,0,0,0,0,0,0,0,0,0,0,0,0,0,0,1,0,0,1,0,0,16,15,5,7,2,1,0,0,0,0,3,2,1,1,1,1,0,0,0,0,0,0,0,0,0,0,0,0,1,0,0,1,0,0,0,1,0,0,1,0,1,0,0,0.8,0.1,,
16,15,5,7,2,0,1,0,0,0,2,2,1,1,0,0,0,0,0,0,0,0,0,0,0,0,0,0,1,0,0,1,0,0,16,15,5,7,2,0,0,0,0,1,2,2,2,0,0,0,0,0,0,0,0,0,0,0,0,0,0,0,1,0,0,1,0,0,1,0,0,0,1,0,1,0,0,0.8,0.2,,
16,15,5,7,2,1,0,0,0,0,3,0,0,0,2,1,1,0,0,0,0,0,0,1,1,0,0,0,1,0,0,1,0,0,16,15,5,7,2,0,1,0,0,0,3,1,1,0,0,0,0,0,0,0,0,0,0,0,0,0,2,0,0,0,0,0,0,0,0,1,0,0,1,0,1,0,0,0.8,0.4,,
16,15,5,7,2,1,0,0,0,0,3,0,0,0,2,1,1,0,0,0,0,0,0,1,1,0,0,0,1,0,0,1,0,0,16,15,5,7,2,0,0,0,0,1,2,2,2,0,0,0,0,0,0,0,0,0,0,0,0,0,0,0,1,0,0,1,0,0,0,1,0,0,1,0,1,0,0,0.8,0.1,,
16,15,5,7,2,0,1,0,0,0,3,1,1,0,0,0,0,0,0,0,0,0,0,0,0,0,2,0,0,0,0,0,0,0,16,15,5,7,2,1,0,0,0,0,3,0,0,0,2,1,1,0,0,0,0,0,0,1,1,0,0,0,1,0,0,1,0,0,0,1,0,0,1,0,1,0,0,0.8,0.4,,
16,15,5,7,2,0,0,0,0,1,2,2,2,0,0,0,0,0,0,0,0,0,0,0,0,0,0,0,1,0,0,1,0,0,16,15,5,7,2,1,0,0,0,0,3,2,1,1,1,1,0,0,0,0,0,0,0,0,0,0,0,0,1,0,0,1,0,0,1,0,0,0,1,0,1,0,0,0.8,0.6,,
16,15,5,7,2,0,0,0,0,1,2,2,2,0,0,0,0,0,0,0,0,0,0,0,0,0,0,0,1,0,0,1,0,0,16,15,5,7,2,1,0,0,0,0,3,1,0,1,0,0,0,0,0,0,0,0,0,1,1,0,1,0,1,0,0,1,0,0,0,1,0,0,1,0,1,0,0,0.8,0.4,,
16,15,5,7,2,0,0,0,0,1,2,2,2,0,0,0,0,0,0,0,0,0,0,0,0,0,0,0,1,0,0,1,0,0,16,15,5,7,2,0,1,0,0,0,2,2,1,1,0,0,0,0,0,0,0,0,0,0,0,0,0,0,1,0,0,1,0,0,1,0,0,0,1,0,1,0,0,0.8,0.2,,
16,15,5,7,2,0,0,0,0,1,2,2,2,0,0,0,0,0,0,0,0,0,0,0,0,0,0,0,1,0,0,1,0,0,16,15,5,7,2,1,0,0,0,0,3,2,1,1,1,1,0,0,0,0,0,0,0,0,0,0,0,0,1,0,0,1,0,0,0,1,0,0,1,0,1,0,0,0.8,0.4,,
16,15,5,7,2,0,0,0,0,1,2,2,2,0,0,0,0,0,0,0,0,0,0,0,0,0,0,0,1,0,0,1,0,0,16,15,5,7,2,1,0,0,0,0,3,0,0,0,2,1,1,0,0,0,0,0,0,1,1,0,0,0,1,0,0,1,0,0,0,1,0,0,1,0,1,0,0,0.8,0.1,,
16,15,5,7,2,0,0,0,0,1,2,2,2,0,0,0,0,0,0,0,0,0,0,0,0,0,0,0,1,0,0,1,0,0,16,15,5,7,2,1,0,0,0,0,4,1,1,0,0,0,0,1,1,0,0,0,0,0,0,0,2,0,0,0,0,0,0,0,0,1,0,0,1,0,1,0,0,0.8,0.1,,
16,15,5,7,2,1,0,0,0,0,3,1,0,1,0,0,0,0,0,0,0,0,0,1,1,0,1,0,1,0,0,1,0,0,16,15,5,7,2,0,0,0,0,1,2,2,2,0,0,0,0,0,0,0,0,0,0,0,0,0,0,0,1,0,0,1,0,0,0,1,0,0,1,0,1,0,0,0.8,0.4,,
16,15,5,7,2,1,0,0,0,0,3,1,0,1,0,0,0,0,0,0,0,0,0,1,1,0,1,0,1,0,0,1,0,0,16,15,5,7,2,0,0,1,0,0,1,1,0,1,0,0,0,0,0,0,0,0,0,0,0,0,0,0,0,0,0,0,0,0,1,0,0,0,1,0,1,0,0,0.8,0.3,,
16,15,5,7,2,1,0,0,0,0,3,1,0,1,0,0,0,0,0,0,0,0,0,1,1,0,1,0,1,0,0,1,0,0,16,15,5,7,2,0,0,1,0,0,2,1,1,0,1,1,0,0,0,0,0,0,0,0,0,0,0,0,0,0,0,0,0,0,1,0,0,0,1,0,1,0,0,0.8,0.1,,
16,15,5,7,2,0,0,1,0,0,2,1,1,0,1,1,0,0,0,0,0,0,0,0,0,0,0,0,0,0,0,0,0,0,16,15,5,7,2,1,0,0,0,0,4,1,1,0,0,0,0,1,1,0,0,0,0,0,0,0,2,0,0,0,0,0,0,0,0,1,0,0,1,0,1,0,0,0.8,0.9,,
16,15,5,7,2,0,0,1,0,0,2,1,1,0,1,1,0,0,0,0,0,0,0,0,0,0,0,0,0,0,0,0,0,0,16,15,5,7,2,1,0,0,0,0,3,1,0,1,0,0,0,0,0,0,0,0,0,1,1,0,1,0,1,0,0,1,0,0,1,0,0,0,1,0,1,0,0,0.8,0.1,,
16,15,5,7,2,1,0,0,0,0,4,1,1,0,0,0,0,1,1,0,0,0,0,0,0,0,2,0,0,0,0,0,0,0,16,15,5,7,2,0,0,1,0,0,2,1,1,0,1,1,0,0,0,0,0,0,0,0,0,0,0,0,0,0,0,0,0,0,0,1,0,0,1,0,1,0,0,0.8,0.9,,
16,15,5,7,2,1,0,0,0,0,4,1,1,0,0,0,0,1,1,0,0,0,0,0,0,0,2,0,0,0,0,0,0,0,16,15,5,7,2,0,0,1,0,0,2,1,1,0,0,0,0,0,0,0,0,0,0,0,0,0,1,0,0,0,0,0,0,0,1,0,0,0,1,0,1,0,0,0.8,0.3,,
16,15,5,7,2,1,0,0,0,0,4,1,1,0,0,0,0,1,1,0,0,0,0,0,0,0,2,0,0,0,0,0,0,0,16,15,5,7,2,0,0,0,0,1,2,2,2,0,0,0,0,0,0,0,0,0,0,0,0,0,0,0,1,0,0,1,0,0,0,1,0,0,1,0,1,0,0,0.8,0.1,,
16,15,5,7,2,1,0,0,0,0,3,1,1,0,0,0,0,2,1,1,0,0,0,0,0,0,0,0,0,0,0,0,0,0,16,15,5,7,2,0,0,1,0,0,2,1,1,0,0,0,0,0,0,0,0,0,0,0,0,0,1,0,0,0,0,0,0,0,0,1,0,0,1,0,1,0,0,0.8,0.2,,
16,15,5,7,2,0,0,1,0,0,2,1,1,0,0,0,0,0,0,0,0,0,0,0,0,0,1,0,0,0,0,0,0,0,16,15,5,7,2,1,0,0,0,0,4,1,1,0,0,0,0,1,1,0,0,0,0,0,0,0,2,0,0,0,0,0,0,0,1,0,0,0,1,0,1,0,0,0.8,0.3,,
16,15,5,7,2,1,0,0,0,0,3,1,0,1,0,0,0,0,0,0,0,0,0,0,0,0,2,0,0,0,0,0,0,0,16,15,5,7,2,0,0,0,0,1,2,2,2,0,0,0,0,0,0,0,0,0,0,0,0,0,0,0,1,0,0,0,1,0,1,0,0,0,1,0,1,0,0,1,0.1,,
16,15,5,7,2,1,0,0,0,0,3,2,1,1,0,0,0,0,0,0,0,0,0,0,0,0,1,0,0,0,0,0,0,0,16,15,5,7,2,1,0,0,0,0,3,3,2,1,0,0,0,0,0,0,0,0,0,0,0,0,0,0,1,0,0,0,1,0,0,1,0,0,1,0,1,0,0,1,0.1,,
16,15,5,7,2,1,0,0,0,0,3,3,2,1,0,0,0,0,0,0,0,0,0,0,0,0,0,0,1,0,0,0,1,0,16,15,5,7,2,1,0,0,0,0,4,1,1,0,0,0,0,0,0,0,0,0,0,1,1,0,2,0,1,0,0,0,1,0,0,1,0,0,1,0,1,0,0,1,0.5,,
16,15,5,7,2,1,0,0,0,0,3,3,2,1,0,0,0,0,0,0,0,0,0,0,0,0,0,0,1,0,0,0,1,0,16,15,5,7,2,1,0,0,0,0,3,2,1,1,0,0,0,0,0,0,0,0,0,0,0,0,1,0,0,0,0,0,0,0,0,1,0,0,1,0,1,0,0,1,0.1,,
16,15,5,7,2,1,0,0,0,0,3,2,1,1,1,1,0,0,0,0,0,0,0,0,0,0,0,0,1,0,0,0,1,0,16,15,5,7,2,0,1,0,0,0,3,3,3,0,0,0,0,0,0,0,0,0,0,0,0,0,0,0,2,0,1,0,1,0,0,1,0,0,1,0,1,0,0,1,0.6,,
16,15,5,7,2,1,0,0,0,0,3,2,1,1,1,1,0,0,0,0,0,0,0,0,0,0,0,0,1,0,0,0,1,0,16,15,5,7,2,1,0,0,0,0,3,1,1,0,0,0,0,2,1,1,0,0,0,0,0,0,0,0,0,0,0,0,0,0,0,1,0,0,1,0,1,0,0,1,0.1,,
16,15,5,7,2,0,1,0,0,0,3,3,3,0,0,0,0,0,0,0,0,0,0,0,0,0,0,0,2,0,1,0,1,0,16,15,5,7,2,1,0,0,0,0,3,1,1,0,1,1,0,1,0,1,0,0,0,0,0,0,0,0,1,0,1,0,0,0,0,1,0,0,1,0,1,0,0,1,0.2,,
16,15,5,7,2,0,1,0,0,0,3,3,3,0,0,0,0,0,0,0,0,0,0,0,0,0,0,0,2,0,1,0,1,0,16,15,5,7,2,1,0,0,0,0,3,2,1,1,1,1,0,0,0,0,0,0,0,0,0,0,0,0,1,0,0,0,1,0,0,1,0,0,1,0,1,0,0,1,0.6,,
16,15,5,7,2,1,0,0,0,0,3,1,1,0,1,1,0,1,0,1,0,0,0,0,0,0,0,0,1,0,1,0,0,0,16,15,5,7,2,0,1,0,0,0,3,3,3,0,0,0,0,0,0,0,0,0,0,0,0,0,0,0,2,0,1,0,1,0,0,1,0,0,1,0,1,0,0,1,0.2,,
16,15,5,7,2,1,0,0,0,0,3,1,1,0,1,1,0,1,0,1,0,0,0,0,0,0,0,0,1,0,1,0,0,0,16,15,5,7,2,0,0,0,0,1,2,2,2,0,0,0,0,0,0,0,0,0,0,0,0,0,0,0,1,0,0,0,1,0,1,0,0,0,1,0,1,0,0,1,0.6,,
16,15,5,7,2,1,0,0,0,0,4,2,2,0,1,1,0,0,0,0,0,0,0,0,0,0,1,0,1,0,1,0,0,0,16,15,5,7,2,0,0,0,0,1,2,2,2,0,0,0,0,0,0,0,0,0,0,0,0,0,0,0,1,0,0,0,1,0,1,0,0,0,1,0,1,0,0,1,0.4,,
16,15,5,7,2,1,0,0,0,0,4,2,2,0,1,1,0,0,0,0,0,0,0,0,0,0,1,0,1,0,1,0,0,0,16,15,5,7,2,0,1,0,0,0,3,2,2,0,0,0,0,0,0,0,0,0,0,0,0,0,1,0,0,0,0,0,0,0,0,1,0,0,1,0,1,0,0,1,0.7,,
16,15,5,7,2,1,0,0,0,0,4,2,2,0,1,1,0,0,0,0,0,0,0,0,0,0,1,0,1,0,1,0,0,0,16,15,5,7,2,1,0,0,0,0,4,1,1,0,1,1,0,0,0,0,0,0,0,1,1,0,1,0,2,0,1,0,1,0,0,1,0,0,1,0,1,0,0,1,0.5,,
16,15,5,7,2,1,0,0,0,0,4,2,2,0,1,1,0,0,0,0,0,0,0,0,0,0,1,0,1,0,1,0,0,0,16,15,5,7,2,1,0,0,0,0,4,1,1,0,1,1,0,0,0,0,0,0,0,1,1,0,1,0,2,0,1,0,1,0,0,0,1,0,1,0,1,0,0,1,0.1,,
16,15,5,7,2,1,0,0,0,0,4,1,1,0,1,1,0,0,0,0,0,0,0,1,1,0,1,0,2,0,1,0,1,0,16,15,5,7,2,0,0,0,0,1,2,2,2,0,0,0,0,0,0,0,0,0,0,0,0,0,0,0,1,0,0,0,1,0,0,1,0,0,1,0,1,0,0,1,0.6,,
16,15,5,7,2,1,0,0,0,0,4,1,1,0,1,1,0,0,0,0,0,0,0,1,1,0,1,0,2,0,1,0,1,0,16,15,5,7,2,1,0,0,0,0,4,2,2,0,1,1,0,0,0,0,0,0,0,0,0,0,1,0,1,0,1,0,0,0,0,1,0,0,1,0,1,0,0,1,0.5,,
16,15,5,7,2,1,0,0,0,0,4,1,1,0,1,1,0,0,0,0,0,0,0,1,1,0,1,0,2,0,1,0,1,0,16,15,5,7,2,1,0,0,0,0,4,2,2,0,1,1,0,0,0,0,0,0,0,0,0,0,1,0,1,0,1,0,0,0,0,0,1,0,1,0,1,0,0,1,0.1,,
16,15,5,7,2,1,0,0,0,0,4,1,1,0,1,1,0,0,0,0,0,0,0,1,1,0,1,0,2,0,1,0,1,0,16,15,5,7,2,0,0,1,0,0,1,1,0,1,0,0,0,0,0,0,0,0,0,0,0,0,0,0,0,0,0,0,0,0,1,0,0,0,1,0,1,0,0,1,0.1,,
16,15,5,7,2,0,0,0,0,1,2,2,2,0,0,0,0,0,0,0,0,0,0,0,0,0,0,0,1,0,0,0,1,0,16,15,5,7,2,1,0,0,0,0,4,2,2,0,1,1,0,0,0,0,0,0,0,0,0,0,1,0,1,0,1,0,0,0,1,0,0,0,1,0,1,0,0,1,0.4,,
16,15,5,7,2,0,0,0,0,1,2,2,2,0,0,0,0,0,0,0,0,0,0,0,0,0,0,0,1,0,0,0,1,0,16,15,5,7,2,1,0,0,0,0,4,1,1,0,0,0,0,0,0,0,0,0,0,1,1,0,2,0,1,0,0,0,1,0,0,1,0,0,1,0,1,0,0,1,0.2,,
16,15,5,7,2,0,0,0,0,1,2,2,2,0,0,0,0,0,0,0,0,0,0,0,0,0,0,0,1,0,0,0,1,0,16,15,5,7,2,1,0,0,0,0,3,1,1,0,1,1,0,1,0,1,0,0,0,0,0,0,0,0,1,0,1,0,0,0,1,0,0,0,1,0,1,0,0,1,0.6,,
16,15,5,7,2,0,0,0,0,1,2,2,2,0,0,0,0,0,0,0,0,0,0,0,0,0,0,0,1,0,0,0,1,0,16,15,5,7,2,1,0,0,0,0,4,1,1,0,1,1,0,0,0,0,0,0,0,1,1,0,1,0,2,0,1,0,1,0,0,1,0,0,1,0,1,0,0,1,0.6,,
16,15,5,7,2,0,0,0,0,1,2,2,2,0,0,0,0,0,0,0,0,0,0,0,0,0,0,0,1,0,0,0,1,0,16,15,5,7,2,1,0,0,0,0,3,1,0,1,0,0,0,0,0,0,0,0,0,0,0,0,2,0,0,0,0,0,0,0,1,0,0,0,1,0,1,0,0,1,0.1,,
16,15,5,7,2,1,0,0,0,0,4,1,1,0,0,0,0,0,0,0,0,0,0,1,1,0,2,0,1,0,0,0,1,0,16,15,5,7,2,0,0,0,0,1,2,2,2,0,0,0,0,0,0,0,0,0,0,0,0,0,0,0,1,0,0,0,1,0,0,1,0,0,1,0,1,0,0,1,0.2,,
16,15,5,7,2,1,0,0,0,0,4,1,1,0,0,0,0,0,0,0,0,0,0,1,1,0,2,0,1,0,0,0,1,0,16,15,5,7,2,1,0,0,0,0,3,3,2,1,0,0,0,0,0,0,0,0,0,0,0,0,0,0,1,0,0,0,1,0,0,1,0,0,1,0,1,0,0,1,0.5,,
16,15,5,7,2,1,0,0,0,0,3,1,1,0,0,0,0,2,1,1,0,0,0,0,0,0,0,0,0,0,0,0,0,0,16,15,5,7,2,1,0,0,0,0,3,2,1,1,1,1,0,0,0,0,0,0,0,0,0,0,0,0,1,0,0,0,1,0,0,1,0,0,1,0,1,0,0,1,0.1,,
16,15,5,7,2,0,1,0,0,0,3,2,2,0,0,0,0,0,0,0,0,0,0,0,0,0,1,0,0,0,0,0,0,0,16,15,5,7,2,1,0,0,0,0,4,2,2,0,1,1,0,0,0,0,0,0,0,0,0,0,1,0,1,0,1,0,0,0,0,1,0,0,1,0,1,0,0,1,0.7,,
16,15,5,7,2,0,1,0,0,0,3,2,2,0,0,0,0,0,0,0,0,0,0,0,0,0,1,0,0,0,0,0,0,0,16,15,5,7,2,1,0,0,0,0,3,1,1,0,1,1,0,1,0,1,0,0,0,0,0,0,0,0,0,0,0,0,0,0,0,1,0,0,1,0,1,0,0,1,0.1,,
16,15,5,7,2,1,0,0,0,0,3,1,1,0,1,1,0,1,0,1,0,0,0,0,0,0,0,0,0,0,0,0,0,0,16,15,5,7,2,0,1,0,0,0,3,2,2,0,0,0,0,0,0,0,0,0,0,0,0,0,1,0,0,0,0,0,0,0,0,1,0,0,1,0,1,0,0,1,0.1,,
16,15,5,7,2,1,0,0,0,0,3,2,1,1,1,1,0,0,0,0,0,0,0,0,0,0,0,0,1,0,0,1,0,0,16,15,5,7,2,0,1,0,0,0,2,2,1,1,0,0,0,0,0,0,0,0,0,0,0,0,0,0,1,0,0,1,0,0,0,1,0,0,1,0,1,0,0,1,0.3,,
16,15,5,7,2,1,0,0,0,0,3,2,1,1,1,1,0,0,0,0,0,0,0,0,0,0,0,0,1,0,0,1,0,0,16,15,5,7,2,0,0,0,0,1,2,2,2,0,0,0,0,0,0,0,0,0,0,0,0,0,0,0,1,0,0,1,0,0,1,0,0,0,1,0,1,0,0,1,0.7,,
16,15,5,7,2,1,0,0,0,0,3,2,1,1,1,1,0,0,0,0,0,0,0,0,0,0,0,0,1,0,0,1,0,0,16,15,5,7,2,0,0,0,0,1,2,2,2,0,0,0,0,0,0,0,0,0,0,0,0,0,0,0,1,0,0,1,0,0,0,1,0,0,1,0,1,0,0,1,0.3,,
16,15,5,7,2,0,1,0,0,0,2,2,1,1,0,0,0,0,0,0,0,0,0,0,0,0,0,0,1,0,0,1,0,0,16,15,5,7,2,1,0,0,0,0,3,2,1,1,1,1,0,0,0,0,0,0,0,0,0,0,0,0,1,0,0,1,0,0,0,1,0,0,1,0,1,0,0,1,0.3,,
16,15,5,7,2,0,1,0,0,0,2,2,1,1,0,0,0,0,0,0,0,0,0,0,0,0,0,0,1,0,0,1,0,0,16,15,5,7,2,0,0,0,0,1,2,2,2,0,0,0,0,0,0,0,0,0,0,0,0,0,0,0,1,0,0,1,0,0,1,0,0,0,1,0,1,0,0,1,0.3,,
16,15,5,7,2,1,0,0,0,0,3,0,0,0,2,1,1,0,0,0,0,0,0,1,1,0,0,0,1,0,0,1,0,0,16,15,5,7,2,0,1,0,0,0,3,1,1,0,0,0,0,0,0,0,0,0,0,0,0,0,2,0,0,0,0,0,0,0,0,1,0,0,1,0,1,0,0,1,0.5,,
16,15,5,7,2,1,0,0,0,0,3,0,0,0,2,1,1,0,0,0,0,0,0,1,1,0,0,0,1,0,0,1,0,0,16,15,5,7,2,0,0,0,0,1,2,2,2,0,0,0,0,0,0,0,0,0,0,0,0,0,0,0,1,0,0,1,0,0,0,1,0,0,1,0,1,0,0,1,0.2,,
16,15,5,7,2,0,1,0,0,0,3,1,1,0,0,0,0,0,0,0,0,0,0,0,0,0,2,0,0,0,0,0,0,0,16,15,5,7,2,1,0,0,0,0,3,0,0,0,2,1,1,0,0,0,0,0,0,1,1,0,0,0,1,0,0,1,0,0,0,1,0,0,1,0,1,0,0,1,0.5,,
16,15,5,7,2,0,0,0,0,1,2,2,2,0,0,0,0,0,0,0,0,0,0,0,0,0,0,0,1,0,0,1,0,0,16,15,5,7,2,1,0,0,0,0,3,2,1,1,1,1,0,0,0,0,0,0,0,0,0,0,0,0,1,0,0,1,0,0,1,0,0,0,1,0,1,0,0,1,0.7,,
16,15,5,7,2,0,0,0,0,1,2,2,2,0,0,0,0,0,0,0,0,0,0,0,0,0,0,0,1,0,0,1,0,0,16,15,5,7,2,1,0,0,0,0,3,1,0,1,0,0,0,0,0,0,0,0,0,1,1,0,1,0,1,0,0,1,0,0,0,1,0,0,1,0,1,0,0,1,0.4,,
16,15,5,7,2,0,0,0,0,1,2,2,2,0,0,0,0,0,0,0,0,0,0,0,0,0,0,0,1,0,0,1,0,0,16,15,5,7,2,0,1,0,0,0,2,2,1,1,0,0,0,0,0,0,0,0,0,0,0,0,0,0,1,0,0,1,0,0,1,0,0,0,1,0,1,0,0,1,0.3,,
16,15,5,7,2,0,0,0,0,1,2,2,2,0,0,0,0,0,0,0,0,0,0,0,0,0,0,0,1,0,0,1,0,0,16,15,5,7,2,1,0,0,0,0,3,2,1,1,1,1,0,0,0,0,0,0,0,0,0,0,0,0,1,0,0,1,0,0,0,1,0,0,1,0,1,0,0,1,0.3,,
16,15,5,7,2,0,0,0,0,1,2,2,2,0,0,0,0,0,0,0,0,0,0,0,0,0,0,0,1,0,0,1,0,0,16,15,5,7,2,1,0,0,0,0,3,0,0,0,2,1,1,0,0,0,0,0,0,1,1,0,0,0,1,0,0,1,0,0,0,1,0,0,1,0,1,0,0,1,0.2,,
16,15,5,7,2,0,0,0,0,1,2,2,2,0,0,0,0,0,0,0,0,0,0,0,0,0,0,0,1,0,0,1,0,0,16,15,5,7,2,1,0,0,0,0,4,1,1,0,0,0,0,1,1,0,0,0,0,0,0,0,2,0,0,0,0,0,0,0,0,1,0,0,1,0,1,0,0,1,0.1,,
16,15,5,7,2,1,0,0,0,0,3,1,0,1,0,0,0,0,0,0,0,0,0,1,1,0,1,0,1,0,0,1,0,0,16,15,5,7,2,0,0,0,0,1,2,2,2,0,0,0,0,0,0,0,0,0,0,0,0,0,0,0,1,0,0,1,0,0,0,1,0,0,1,0,1,0,0,1,0.4,,
16,15,5,7,2,1,0,0,0,0,3,1,0,1,0,0,0,0,0,0,0,0,0,1,1,0,1,0,1,0,0,1,0,0,16,15,5,7,2,0,0,1,0,0,1,1,0,1,0,0,0,0,0,0,0,0,0,0,0,0,0,0,0,0,0,0,0,0,1,0,0,0,1,0,1,0,0,1,0.1,,
16,15,5,7,2,1,0,0,0,0,3,1,0,1,0,0,0,0,0,0,0,0,0,1,1,0,1,0,1,0,0,1,0,0,16,15,5,7,2,0,0,1,0,0,2,1,1,0,1,1,0,0,0,0,0,0,0,0,0,0,0,0,0,0,0,0,0,0,1,0,0,0,1,0,1,0,0,1,0.1,,
16,15,5,7,2,0,0,1,0,0,2,1,1,0,1,1,0,0,0,0,0,0,0,0,0,0,0,0,0,0,0,0,0,0,16,15,5,7,2,1,0,0,0,0,4,1,1,0,0,0,0,1,1,0,0,0,0,0,0,0,2,0,0,0,0,0,0,0,0,1,0,0,1,0,1,0,0,1,0.8,,
16,15,5,7,2,0,0,1,0,0,2,1,1,0,1,1,0,0,0,0,0,0,0,0,0,0,0,0,0,0,0,0,0,0,16,15,5,7,2,1,0,0,0,0,3,1,0,1,0,0,0,0,0,0,0,0,0,1,1,0,1,0,1,0,0,1,0,0,1,0,0,0,1,0,1,0,0,1,0.1,,
16,15,5,7,2,1,0,0,0,0,4,1,1,0,0,0,0,1,1,0,0,0,0,0,0,0,2,0,0,0,0,0,0,0,16,15,5,7,2,0,0,1,0,0,2,1,1,0,1,1,0,0,0,0,0,0,0,0,0,0,0,0,0,0,0,0,0,0,0,1,0,0,1,0,1,0,0,1,0.8,,
16,15,5,7,2,1,0,0,0,0,4,1,1,0,0,0,0,1,1,0,0,0,0,0,0,0,2,0,0,0,0,0,0,0,16,15,5,7,2,0,0,1,0,0,2,1,1,0,0,0,0,0,0,0,0,0,0,0,0,0,1,0,0,0,0,0,0,0,1,0,0,0,1,0,1,0,0,1,0.5,,
16,15,5,7,2,1,0,0,0,0,4,1,1,0,0,0,0,1,1,0,0,0,0,0,0,0,2,0,0,0,0,0,0,0,16,15,5,7,2,0,0,0,0,1,2,2,2,0,0,0,0,0,0,0,0,0,0,0,0,0,0,0,1,0,0,1,0,0,0,1,0,0,1,0,1,0,0,1,0.1,,
16,15,5,7,2,1,0,0,0,0,3,1,1,0,0,0,0,2,1,1,0,0,0,0,0,0,0,0,0,0,0,0,0,0,16,15,5,7,2,0,0,1,0,0,2,1,1,0,0,0,0,0,0,0,0,0,0,0,0,0,1,0,0,0,0,0,0,0,0,1,0,0,1,0,1,0,0,1,0.3,,
16,15,5,7,2,1,0,0,0,0,3,1,1,0,0,0,0,2,1,1,0,0,0,0,0,0,0,0,0,0,0,0,0,0,16,15,5,7,2,0,0,1,0,0,2,1,1,0,0,0,0,0,0,0,0,0,0,0,0,0,1,0,0,0,0,0,0,0,0,0,1,0,1,0,1,0,0,1,0.1,,
16,15,5,7,2,0,0,1,0,0,2,1,1,0,0,0,0,0,0,0,0,0,0,0,0,0,1,0,0,0,0,0,0,0,16,15,5,7,2,1,0,0,0,0,4,1,1,0,0,0,0,1,1,0,0,0,0,0,0,0,2,0,0,0,0,0,0,0,1,0,0,0,1,0,1,0,0,1,0.5,,
16,15,5,7,2,1,0,0,0,0,3,1,0,1,0,0,0,0,0,0,0,0,0,0,0,0,2,0,0,0,0,0,0,0,16,15,5,7,2,0,0,0,0,1,2,2,2,0,0,0,0,0,0,0,0,0,0,0,0,0,0,0,1,0,0,0,1,0,1,0,0,0,1,0,1,0,0,0.3,0.2,,
16,15,5,7,2,1,0,0,0,0,3,1,0,1,0,0,0,0,0,0,0,0,0,0,0,0,2,0,0,0,0,0,0,0,16,15,5,7,2,1,0,0,0,0,3,2,1,1,0,0,0,0,0,0,0,0,0,0,0,0,1,0,0,0,0,0,0,0,0,0,1,0,1,0,1,0,0,0.3,0.1,,
16,15,5,7,2,1,0,0,0,0,3,2,1,1,0,0,0,0,0,0,0,0,0,0,0,0,1,0,0,0,0,0,0,0,16,15,5,7,2,1,0,0,0,0,3,3,2,1,0,0,0,0,0,0,0,0,0,0,0,0,0,0,1,0,0,0,1,0,0,1,0,0,1,0,1,0,0,0.3,0.1,,
16,15,5,7,2,1,0,0,0,0,3,2,1,1,0,0,0,0,0,0,0,0,0,0,0,0,1,0,0,0,0,0,0,0,16,15,5,7,2,1,0,0,0,0,3,1,0,1,0,0,0,0,0,0,0,0,0,0,0,0,2,0,0,0,0,0,0,0,0,0,1,0,1,0,1,0,0,0.3,0.1,,
16,15,5,7,2,1,0,0,0,0,3,3,2,1,0,0,0,0,0,0,0,0,0,0,0,0,0,0,1,0,0,0,1,0,16,15,5,7,2,1,0,0,0,0,4,1,1,0,0,0,0,0,0,0,0,0,0,1,1,0,2,0,1,0,0,0,1,0,0,1,0,0,1,0,1,0,0,0.3,0.1,,
16,15,5,7,2,1,0,0,0,0,3,3,2,1,0,0,0,0,0,0,0,0,0,0,0,0,0,0,1,0,0,0,1,0,16,15,5,7,2,1,0,0,0,0,3,2,1,1,0,0,0,0,0,0,0,0,0,0,0,0,1,0,0,0,0,0,0,0,0,1,0,0,1,0,1,0,0,0.3,0.1,,
16,15,5,7,2,1,0,0,0,0,3,2,1,1,1,1,0,0,0,0,0,0,0,0,0,0,0,0,1,0,0,0,1,0,16,15,5,7,2,0,1,0,0,0,3,3,3,0,0,0,0,0,0,0,0,0,0,0,0,0,0,0,2,0,1,0,1,0,0,1,0,0,1,0,1,0,0,0.3,0.1,,
16,15,5,7,2,0,1,0,0,0,3,3,3,0,0,0,0,0,0,0,0,0,0,0,0,0,0,0,2,0,1,0,1,0,16,15,5,7,2,1,0,0,0,0,3,1,1,0,1,1,0,1,0,1,0,0,0,0,0,0,0,0,1,0,1,0,0,0,0,1,0,0,1,0,1,0,0,0.3,0.9,,
16,15,5,7,2,0,1,0,0,0,3,3,3,0,0,0,0,0,0,0,0,0,0,0,0,0,0,0,2,0,1,0,1,0,16,15,5,7,2,1,0,0,0,0,3,2,1,1,1,1,0,0,0,0,0,0,0,0,0,0,0,0,1,0,0,0,1,0,0,1,0,0,1,0,1,0,0,0.3,0.1,,
16,15,5,7,2,1,0,0,0,0,3,1,1,0,1,1,0,1,0,1,0,0,0,0,0,0,0,0,1,0,1,0,0,0,16,15,5,7,2,0,1,0,0,0,3,3,3,0,0,0,0,0,0,0,0,0,0,0,0,0,0,0,2,0,1,0,1,0,0,1,0,0,1,0,1,0,0,0.3,0.9,,
16,15,5,7,2,1,0,0,0,0,3,1,1,0,1,1,0,1,0,1,0,0,0,0,0,0,0,0,1,0,1,0,0,0,16,15,5,7,2,0,0,1,0,0,1,1,0,1,0,0,0,0,0,0,0,0,0,0,0,0,0,0,0,0,0,0,0,0,0,0,1,0,1,0,1,0,0,0.3,0.1,,
16,15,5,7,2,1,0,0,0,0,4,2,2,0,1,1,0,0,0,0,0,0,0,0,0,0,1,0,1,0,1,0,0,0,16,15,5,7,2,0,0,0,0,1,2,2,2,0,0,0,0,0,0,0,0,0,0,0,0,0,0,0,1,0,0,0,1,0,1,0,0,0,1,0,1,0,0,0.3,0.5,,
16,15,5,7,2,1,0,0,0,0,4,2,2,0,1,1,0,0,0,0,0,0,0,0,0,0,1,0,1,0,1,0,0,0,16,15,5,7,2,0,1,0,0,0,3,2,2,0,0,0,0,0,0,0,0,0,0,0,0,0,1,0,0,0,0,0,0,0,0,1,0,0,1,0,1,0,0,0.3,0.6,,
16,15,5,7,2,1,0,0,0,0,4,2,2,0,1,1,0,0,0,0,0,0,0,0,0,0,1,0,1,0,1,0,0,0,16,15,5,7,2,1,0,0,0,0,4,1,1,0,1,1,0,0,0,0,0,0,0,1,1,0,1,0,2,0,1,0,1,0,0,1,0,0,1,0,1,0,0,0.3,0.7,,
16,15,5,7,2,1,0,0,0,0,4,1,1,0,1,1,0,0,0,0,0,0,0,1,1,0,1,0,2,0,1,0,1,0,16,15,5,7,2,0,0,0,0,1,2,2,2,0,0,0,0,0,0,0,0,0,0,0,0,0,0,0,1,0,0,0,1,0,0,1,0,0,1,0,1,0,0,0.3,0.2,,
16,15,5,7,2,1,0,0,0,0,4,1,1,0,1,1,0,0,0,0,0,0,0,1,1,0,1,0,2,0,1,0,1,0,16,15,5,7,2,1,0,0,0,0,4,2,2,0,1,1,0,0,0,0,0,0,0,0,0,0,1,0,1,0,1,0,0,0,0,1,0,0,1,0,1,0,0,0.3,0.7,,
16,15,5,7,2,0,0,0,0,1,2,2,2,0,0,0,0,0,0,0,0,0,0,0,0,0,0,0,1,0,0,0,1,0,16,15,5,7,2,1,0,0,0,0,4,2,2,0,1,1,0,0,0,0,0,0,0,0,0,0,1,0,1,0,1,0,0,0,1,0,0,0,1,0,1,0,0,0.3,0.5,,
16,15,5,7,2,0,0,0,0,1,2,2,2,0,0,0,0,0,0,0,0,0,0,0,0,0,0,0,1,0,0,0,1,0,16,15,5,7,2,1,0,0,0,0,4,1,1,0,0,0,0,0,0,0,0,0,0,1,1,0,2,0,1,0,0,0,1,0,0,1,0,0,1,0,1,0,0,0.3,0.6,,
16,15,5,7,2,0,0,0,0,1,2,2,2,0,0,0,0,0,0,0,0,0,0,0,0,0,0,0,1,0,0,0,1,0,16,15,5,7,2,1,0,0,0,0,4,1,1,0,1,1,0,0,0,0,0,0,0,1,1,0,1,0,2,0,1,0,1,0,0,1,0,0,1,0,1,0,0,0.3,0.2,,
16,15,5,7,2,0,0,0,0,1,2,2,2,0,0,0,0,0,0,0,0,0,0,0,0,0,0,0,1,0,0,0,1,0,16,15,5,7,2,1,0,0,0,0,3,1,0,1,0,0,0,0,0,0,0,0,0,0,0,0,2,0,0,0,0,0,0,0,1,0,0,0,1,0,1,0,0,0.3,0.2,,
16,15,5,7,2,0,0,0,0,1,2,2,2,0,0,0,0,0,0,0,0,0,0,0,0,0,0,0,1,0,0,0,1,0,16,15,5,7,2,1,0,0,0,0,4,1,1,0,0,0,0,0,0,0,0,0,0,1,1,0,2,0,1,0,0,0,1,0,0,0,1,0,1,0,1,0,0,0.3,0.1,,
16,15,5,7,2,1,0,0,0,0,4,1,1,0,0,0,0,0,0,0,0,0,0,1,1,0,2,0,1,0,0,0,1,0,16,15,5,7,2,0,0,0,0,1,2,2,2,0,0,0,0,0,0,0,0,0,0,0,0,0,0,0,1,0,0,0,1,0,0,1,0,0,1,0,1,0,0,0.3,0.6,,
16,15,5,7,2,1,0,0,0,0,4,1,1,0,0,0,0,0,0,0,0,0,0,1,1,0,2,0,1,0,0,0,1,0,16,15,5,7,2,1,0,0,0,0,3,3,2,1,0,0,0,0,0,0,0,0,0,0,0,0,0,0,1,0,0,0,1,0,0,1,0,0,1,0,1,0,0,0.3,0.1,,
16,15,5,7,2,1,0,0,0,0,3,1,1,0,0,0,0,2,1,1,0,0,0,0,0,0,0,0,0,0,0,0,0,0,16,15,5,7,2,0,0,1,0,0,2,1,1,0,0,0,0,0,0,0,0,0,0,0,0,0,1,0,0,0,0,0,0,0,0,1,0,0,1,0,1,0,0,0.3,0.1,,
16,15,5,7,2,0,1,0,0,0,3,2,2,0,0,0,0,0,0,0,0,0,0,0,0,0,1,0,0,0,0,0,0,0,16,15,5,7,2,1,0,0,0,0,4,2,2,0,1,1,0,0,0,0,0,0,0,0,0,0,1,0,1,0,1,0,0,0,0,1,0,0,1,0,1,0,0,0.3,0.6,,
16,15,5,7,2,0,1,0,0,0,3,2,2,0,0,0,0,0,0,0,0,0,0,0,0,0,1,0,0,0,0,0,0,0,16,15,5,7,2,1,0,0,0,0,3,1,1,0,1,1,0,1,0,1,0,0,0,0,0,0,0,0,0,0,0,0,0,0,0,1,0,0,1,0,1,0,0,0.3,0.1,,
16,15,5,7,2,1,0,0,0,0,3,1,1,0,1,1,0,1,0,1,0,0,0,0,0,0,0,0,0,0,0,0,0,0,16,15,5,7,2,0,1,0,0,0,3,2,2,0,0,0,0,0,0,0,0,0,0,0,0,0,1,0,0,0,0,0,0,0,0,1,0,0,1,0,1,0,0,0.3,0.1,,
16,15,5,7,2,1,0,0,0,0,3,2,1,1,1,1,0,0,0,0,0,0,0,0,0,0,0,0,1,0,0,1,0,0,16,15,5,7,2,0,1,0,0,0,2,2,1,1,0,0,0,0,0,0,0,0,0,0,0,0,0,0,1,0,0,1,0,0,0,1,0,0,1,0,1,0,0,0.3,0.4,,
16,15,5,7,2,1,0,0,0,0,3,2,1,1,1,1,0,0,0,0,0,0,0,0,0,0,0,0,1,0,0,1,0,0,16,15,5,7,2,0,0,0,0,1,2,2,2,0,0,0,0,0,0,0,0,0,0,0,0,0,0,0,1,0,0,1,0,0,1,0,0,0,1,0,1,0,0,0.3,0.5,,
16,15,5,7,2,1,0,0,0,0,3,2,1,1,1,1,0,0,0,0,0,0,0,0,0,0,0,0,1,0,0,1,0,0,16,15,5,7,2,0,0,0,0,1,2,2,2,0,0,0,0,0,0,0,0,0,0,0,0,0,0,0,1,0,0,1,0,0,0,1,0,0,1,0,1,0,0,0.3,0.2,,
16,15,5,7,2,0,1,0,0,0,2,2,1,1,0,0,0,0,0,0,0,0,0,0,0,0,0,0,1,0,0,1,0,0,16,15,5,7,2,1,0,0,0,0,3,2,1,1,1,1,0,0,0,0,0,0,0,0,0,0,0,0,1,0,0,1,0,0,0,1,0,0,1,0,1,0,0,0.3,0.4,,
16,15,5,7,2,0,1,0,0,0,2,2,1,1,0,0,0,0,0,0,0,0,0,0,0,0,0,0,1,0,0,1,0,0,16,15,5,7,2,0,0,0,0,1,2,2,2,0,0,0,0,0,0,0,0,0,0,0,0,0,0,0,1,0,0,1,0,0,1,0,0,0,1,0,1,0,0,0.3,0.1,,
16,15,5,7,2,1,0,0,0,0,3,0,0,0,2,1,1,0,0,0,0,0,0,1,1,0,0,0,1,0,0,1,0,0,16,15,5,7,2,0,1,0,0,0,3,1,1,0,0,0,0,0,0,0,0,0,0,0,0,0,2,0,0,0,0,0,0,0,0,1,0,0,1,0,1,0,0,0.3,0.7,,
16,15,5,7,2,0,1,0,0,0,3,1,1,0,0,0,0,0,0,0,0,0,0,0,0,0,2,0,0,0,0,0,0,0,16,15,5,7,2,1,0,0,0,0,3,0,0,0,2,1,1,0,0,0,0,0,0,1,1,0,0,0,1,0,0,1,0,0,0,1,0,0,1,0,1,0,0,0.3,0.7,,
16,15,5,7,2,0,0,0,0,1,2,2,2,0,0,0,0,0,0,0,0,0,0,0,0,0,0,0,1,0,0,1,0,0,16,15,5,7,2,1,0,0,0,0,3,2,1,1,1,1,0,0,0,0,0,0,0,0,0,0,0,0,1,0,0,1,0,0,1,0,0,0,1,0,1,0,0,0.3,0.5,,
16,15,5,7,2,0,0,0,0,1,2,2,2,0,0,0,0,0,0,0,0,0,0,0,0,0,0,0,1,0,0,1,0,0,16,15,5,7,2,1,0,0,0,0,3,1,0,1,0,0,0,0,0,0,0,0,0,1,1,0,1,0,1,0,0,1,0,0,0,1,0,0,1,0,1,0,0,0.3,0.3,,
16,15,5,7,2,0,0,0,0,1,2,2,2,0,0,0,0,0,0,0,0,0,0,0,0,0,0,0,1,0,0,1,0,0,16,15,5,7,2,1,0,0,0,0,4,1,1,0,0,0,0,1,1,0,0,0,0,0,0,0,2,0,0,0,0,0,0,0,1,0,0,0,1,0,1,0,0,0.3,0.1,,
16,15,5,7,2,0,0,0,0,1,2,2,2,0,0,0,0,0,0,0,0,0,0,0,0,0,0,0,1,0,0,1,0,0,16,15,5,7,2,0,1,0,0,0,2,2,1,1,0,0,0,0,0,0,0,0,0,0,0,0,0,0,1,0,0,1,0,0,1,0,0,0,1,0,1,0,0,0.3,0.1,,
16,15,5,7,2,0,0,0,0,1,2,2,2,0,0,0,0,0,0,0,0,0,0,0,0,0,0,0,1,0,0,1,0,0,16,15,5,7,2,1,0,0,0,0,3,2,1,1,1,1,0,0,0,0,0,0,0,0,0,0,0,0,1,0,0,1,0,0,0,1,0,0,1,0,1,0,0,0.3,0.2,,
16,15,5,7,2,1,0,0,0,0,3,1,0,1,0,0,0,0,0,0,0,0,0,1,1,0,1,0,1,0,0,1,0,0,16,15,5,7,2,0,0,0,0,1,2,2,2,0,0,0,0,0,0,0,0,0,0,0,0,0,0,0,1,0,0,1,0,0,0,1,0,0,1,0,1,0,0,0.3,0.3,,
16,15,5,7,2,1,0,0,0,0,3,1,0,1,0,0,0,0,0,0,0,0,0,1,1,0,1,0,1,0,0,1,0,0,16,15,5,7,2,0,0,1,0,0,1,1,0,1,0,0,0,0,0,0,0,0,0,0,0,0,0,0,0,0,0,0,0,0,1,0,0,0,1,0,1,0,0,0.3,0.1,,
16,15,5,7,2,0,0,1,0,0,2,1,1,0,1,1,0,0,0,0,0,0,0,0,0,0,0,0,0,0,0,0,0,0,16,15,5,7,2,1,0,0,0,0,4,1,1,0,0,0,0,1,1,0,0,0,0,0,0,0,2,0,0,0,0,0,0,0,0,1,0,0,1,0,1,0,0,0.3,0.9,,
16,15,5,7,2,1,0,0,0,0,4,1,1,0,0,0,0,1,1,0,0,0,0,0,0,0,2,0,0,0,0,0,0,0,16,15,5,7,2,0,0,1,0,0,2,1,1,0,1,1,0,0,0,0,0,0,0,0,0,0,0,0,0,0,0,0,0,0,0,1,0,0,1,0,1,0,0,0.3,0.9,,
16,15,5,7,2,1,0,0,0,0,4,1,1,0,0,0,0,1,1,0,0,0,0,0,0,0,2,0,0,0,0,0,0,0,16,15,5,7,2,0,0,0,0,1,2,2,2,0,0,0,0,0,0,0,0,0,0,0,0,0,0,0,1,0,0,1,0,0,1,0,0,0,1,0,1,0,0,0.3,0.1,,
16,15,5,7,2,1,0,0,0,0,4,1,1,0,0,0,0,1,1,0,0,0,0,0,0,0,2,0,0,0,0,0,0,0,16,15,5,7,2,0,0,1,0,0,2,1,1,0,0,0,0,0,0,0,0,0,0,0,0,0,1,0,0,0,0,0,0,0,1,0,0,0,1,0,1,0,0,0.3,0.1,,
16,15,5,7,2,1,0,0,0,0,3,1,1,0,0,0,0,2,1,1,0,0,0,0,0,0,0,0,0,0,0,0,0,0,16,15,5,7,2,0,0,1,0,0,2,1,1,0,0,0,0,0,0,0,0,0,0,0,0,0,1,0,0,0,0,0,0,0,0,1,0,0,1,0,1,0,0,0.3,0.3,,
16,15,5,7,2,0,0,1,0,0,2,1,1,0,0,0,0,0,0,0,0,0,0,0,0,0,1,0,0,0,0,0,0,0,16,15,5,7,2,1,0,0,0,0,4,1,1,0,0,0,0,1,1,0,0,0,0,0,0,0,2,0,0,0,0,0,0,0,1,0,0,0,1,0,1,0,0,0.3,0.1,,
16,15,5,7,2,1,0,0,0,0,3,1,0,1,0,0,0,0,0,0,0,0,0,0,0,0,2,0,0,0,0,0,0,0,16,15,5,7,2,0,0,0,0,1,2,2,2,0,0,0,0,0,0,0,0,0,0,0,0,0,0,0,1,0,0,0,1,0,1,0,0,0,1,0,1,0,0,0.5,0.1,,
16,15,5,7,2,1,0,0,0,0,3,2,1,1,0,0,0,0,0,0,0,0,0,0,0,0,1,0,0,0,0,0,0,0,16,15,5,7,2,1,0,0,0,0,3,3,2,1,0,0,0,0,0,0,0,0,0,0,0,0,0,0,1,0,0,0,1,0,0,1,0,0,1,0,1,0,0,0.5,0.2,,
16,15,5,7,2,1,0,0,0,0,3,3,2,1,0,0,0,0,0,0,0,0,0,0,0,0,0,0,1,0,0,0,1,0,16,15,5,7,2,1,0,0,0,0,4,1,1,0,0,0,0,0,0,0,0,0,0,1,1,0,2,0,1,0,0,0,1,0,0,1,0,0,1,0,1,0,0,0.5,0.1,,
16,15,5,7,2,1,0,0,0,0,3,3,2,1,0,0,0,0,0,0,0,0,0,0,0,0,0,0,1,0,0,0,1,0,16,15,5,7,2,1,0,0,0,0,3,2,1,1,0,0,0,0,0,0,0,0,0,0,0,0,1,0,0,0,0,0,0,0,0,1,0,0,1,0,1,0,0,0.5,0.2,,
16,15,5,7,2,1,0,0,0,0,3,2,1,1,1,1,0,0,0,0,0,0,0,0,0,0,0,0,1,0,0,0,1,0,16,15,5,7,2,0,1,0,0,0,3,3,3,0,0,0,0,0,0,0,0,0,0,0,0,0,0,0,2,0,1,0,1,0,0,1,0,0,1,0,1,0,0,0.5,0.3,,
16,15,5,7,2,0,1,0,0,0,3,3,3,0,0,0,0,0,0,0,0,0,0,0,0,0,0,0,2,0,1,0,1,0,16,15,5,7,2,1,0,0,0,0,3,1,1,0,1,1,0,1,0,1,0,0,0,0,0,0,0,0,1,0,1,0,0,0,0,1,0,0,1,0,1,0,0,0.5,0.6,,
16,15,5,7,2,0,1,0,0,0,3,3,3,0,0,0,0,0,0,0,0,0,0,0,0,0,0,0,2,0,1,0,1,0,16,15,5,7,2,1,0,0,0,0,3,2,1,1,1,1,0,0,0,0,0,0,0,0,0,0,0,0,1,0,0,0,1,0,0,1,0,0,1,0,1,0,0,0.5,0.3,,
16,15,5,7,2,1,0,0,0,0,3,1,1,0,1,1,0,1,0,1,0,0,0,0,0,0,0,0,1,0,1,0,0,0,16,15,5,7,2,0,1,0,0,0,3,3,3,0,0,0,0,0,0,0,0,0,0,0,0,0,0,0,2,0,1,0,1,0,0,1,0,0,1,0,1,0,0,0.5,0.6,,
16,15,5,7,2,1,0,0,0,0,3,1,1,0,1,1,0,1,0,1,0,0,0,0,0,0,0,0,1,0,1,0,0,0,16,15,5,7,2,0,0,0,0,1,2,2,2,0,0,0,0,0,0,0,0,0,0,0,0,0,0,0,1,0,0,0,1,0,1,0,0,0,1,0,1,0,0,0.5,0.4,,
16,15,5,7,2,1,0,0,0,0,4,2,2,0,1,1,0,0,0,0,0,0,0,0,0,0,1,0,1,0,1,0,0,0,16,15,5,7,2,0,0,0,0,1,2,2,2,0,0,0,0,0,0,0,0,0,0,0,0,0,0,0,1,0,0,0,1,0,1,0,0,0,1,0,1,0,0,0.5,0.6,,
16,15,5,7,2,1,0,0,0,0,4,2,2,0,1,1,0,0,0,0,0,0,0,0,0,0,1,0,1,0,1,0,0,0,16,15,5,7,2,0,1,0,0,0,3,2,2,0,0,0,0,0,0,0,0,0,0,0,0,0,1,0,0,0,0,0,0,0,0,1,0,0,1,0,1,0,0,0.5,0.6,,
16,15,5,7,2,1,0,0,0,0,4,2,2,0,1,1,0,0,0,0,0,0,0,0,0,0,1,0,1,0,1,0,0,0,16,15,5,7,2,1,0,0,0,0,4,1,1,0,1,1,0,0,0,0,0,0,0,1,1,0,1,0,2,0,1,0,1,0,0,1,0,0,1,0,1,0,0,0.5,0.6,,
16,15,5,7,2,1,0,0,0,0,4,2,2,0,1,1,0,0,0,0,0,0,0,0,0,0,1,0,1,0,1,0,0,0,16,15,5,7,2,1,0,0,0,0,4,1,1,0,1,1,0,0,0,0,0,0,0,1,1,0,1,0,2,0,1,0,1,0,0,0,1,0,1,0,1,0,0,0.5,0.1,,
16,15,5,7,2,1,0,0,0,0,4,1,1,0,1,1,0,0,0,0,0,0,0,1,1,0,1,0,2,0,1,0,1,0,16,15,5,7,2,0,0,0,0,1,2,2,2,0,0,0,0,0,0,0,0,0,0,0,0,0,0,0,1,0,0,0,1,0,0,1,0,0,1,0,1,0,0,0.5,0.4,,
16,15,5,7,2,1,0,0,0,0,4,1,1,0,1,1,0,0,0,0,0,0,0,1,1,0,1,0,2,0,1,0,1,0,16,15,5,7,2,1,0,0,0,0,4,2,2,0,1,1,0,0,0,0,0,0,0,0,0,0,1,0,1,0,1,0,0,0,0,1,0,0,1,0,1,0,0,0.5,0.6,,
16,15,5,7,2,1,0,0,0,0,4,1,1,0,1,1,0,0,0,0,0,0,0,1,1,0,1,0,2,0,1,0,1,0,16,15,5,7,2,1,0,0,0,0,4,2,2,0,1,1,0,0,0,0,0,0,0,0,0,0,1,0,1,0,1,0,0,0,0,0,1,0,1,0,1,0,0,0.5,0.1,,
16,15,5,7,2,0,0,0,0,1,2,2,2,0,0,0,0,0,0,0,0,0,0,0,0,0,0,0,1,0,0,0,1,0,16,15,5,7,2,1,0,0,0,0,4,2,2,0,1,1,0,0,0,0,0,0,0,0,0,0,1,0,1,0,1,0,0,0,1,0,0,0,1,0,1,0,0,0.5,0.6,,
16,15,5,7,2,0,0,0,0,1,2,2,2,0,0,0,0,0,0,0,0,0,0,0,0,0,0,0,1,0,0,0,1,0,16,15,5,7,2,1,0,0,0,0,4,1,1,0,0,0,0,0,0,0,0,0,0,1,1,0,2,0,1,0,0,0,1,0,0,1,0,0,1,0,1,0,0,0.5,0.4,,
16,15,5,7,2,0,0,0,0,1,2,2,2,0,0,0,0,0,0,0,0,0,0,0,0,0,0,0,1,0,0,0,1,0,16,15,5,7,2,1,0,0,0,0,3,1,1,0,1,1,0,1,0,1,0,0,0,0,0,0,0,0,1,0,1,0,0,0,1,0,0,0,1,0,1,0,0,0.5,0.3,,
16,15,5,7,2,0,0,0,0,1,2,2,2,0,0,0,0,0,0,0,0,0,0,0,0,0,0,0,1,0,0,0,1,0,16,15,5,7,2,1,0,0,0,0,4,1,1,0,1,1,0,0,0,0,0,0,0,1,1,0,1,0,2,0,1,0,1,0,0,1,0,0,1,0,1,0,0,0.5,0.4,,
16,15,5,7,2,0,0,0,0,1,2,2,2,0,0,0,0,0,0,0,0,0,0,0,0,0,0,0,1,0,0,0,1,0,16,15,5,7,2,1,0,0,0,0,3,1,0,1,0,0,0,0,0,0,0,0,0,0,0,0,2,0,0,0,0,0,0,0,1,0,0,0,1,0,1,0,0,0.5,0.1,,
16,15,5,7,2,0,0,0,0,1,2,2,2,0,0,0,0,0,0,0,0,0,0,0,0,0,0,0,1,0,0,0,1,0,16,15,5,7,2,1,0,0,0,0,4,1,1,0,0,0,0,0,0,0,0,0,0,1,1,0,2,0,1,0,0,0,1,0,0,0,1,0,1,0,1,0,0,0.5,0.1,,
16,15,5,7,2,1,0,0,0,0,4,1,1,0,0,0,0,0,0,0,0,0,0,1,1,0,2,0,1,0,0,0,1,0,16,15,5,7,2,0,0,0,0,1,2,2,2,0,0,0,0,0,0,0,0,0,0,0,0,0,0,0,1,0,0,0,1,0,0,1,0,0,1,0,1,0,0,0.5,0.4,,
16,15,5,7,2,1,0,0,0,0,4,1,1,0,0,0,0,0,0,0,0,0,0,1,1,0,2,0,1,0,0,0,1,0,16,15,5,7,2,1,0,0,0,0,3,3,2,1,0,0,0,0,0,0,0,0,0,0,0,0,0,0,1,0,0,0,1,0,0,1,0,0,1,0,1,0,0,0.5,0.1,,
16,15,5,7,2,1,0,0,0,0,4,1,1,0,0,0,0,0,0,0,0,0,0,1,1,0,2,0,1,0,0,0,1,0,16,15,5,7,2,0,0,0,0,1,2,2,2,0,0,0,0,0,0,0,0,0,0,0,0,0,0,0,1,0,0,0,1,0,0,0,1,0,1,0,1,0,0,0.5,0.1,,
16,15,5,7,2,0,1,0,0,0,3,2,2,0,0,0,0,0,0,0,0,0,0,0,0,0,1,0,0,0,0,0,0,0,16,15,5,7,2,1,0,0,0,0,4,2,2,0,1,1,0,0,0,0,0,0,0,0,0,0,1,0,1,0,1,0,0,0,0,1,0,0,1,0,1,0,0,0.5,0.6,,
16,15,5,7,2,0,1,0,0,0,3,2,2,0,0,0,0,0,0,0,0,0,0,0,0,0,1,0,0,0,0,0,0,0,16,15,5,7,2,1,0,0,0,0,3,1,1,0,1,1,0,1,0,1,0,0,0,0,0,0,0,0,0,0,0,0,0,0,0,1,0,0,1,0,1,0,0,0.5,0.2,,
16,15,5,7,2,1,0,0,0,0,3,1,1,0,1,1,0,1,0,1,0,0,0,0,0,0,0,0,0,0,0,0,0,0,16,15,5,7,2,0,1,0,0,0,3,2,2,0,0,0,0,0,0,0,0,0,0,0,0,0,1,0,0,0,0,0,0,0,0,1,0,0,1,0,1,0,0,0.5,0.2,,
16,15,5,7,2,1,0,0,0,0,3,2,1,1,1,1,0,0,0,0,0,0,0,0,0,0,0,0,1,0,0,1,0,0,16,15,5,7,2,0,1,0,0,0,2,2,1,1,0,0,0,0,0,0,0,0,0,0,0,0,0,0,1,0,0,1,0,0,0,1,0,0,1,0,1,0,0,0.5,0.4,,
16,15,5,7,2,1,0,0,0,0,3,2,1,1,1,1,0,0,0,0,0,0,0,0,0,0,0,0,1,0,0,1,0,0,16,15,5,7,2,0,0,0,0,1,2,2,2,0,0,0,0,0,0,0,0,0,0,0,0,0,0,0,1,0,0,1,0,0,1,0,0,0,1,0,1,0,0,0.5,0.7,,
16,15,5,7,2,1,0,0,0,0,3,2,1,1,1,1,0,0,0,0,0,0,0,0,0,0,0,0,1,0,0,1,0,0,16,15,5,7,2,0,0,0,0,1,2,2,2,0,0,0,0,0,0,0,0,0,0,0,0,0,0,0,1,0,0,1,0,0,0,1,0,0,1,0,1,0,0,0.5,0.1,,
16,15,5,7,2,0,1,0,0,0,2,2,1,1,0,0,0,0,0,0,0,0,0,0,0,0,0,0,1,0,0,1,0,0,16,15,5,7,2,1,0,0,0,0,3,2,1,1,1,1,0,0,0,0,0,0,0,0,0,0,0,0,1,0,0,1,0,0,0,1,0,0,1,0,1,0,0,0.5,0.4,,
16,15,5,7,2,0,1,0,0,0,2,2,1,1,0,0,0,0,0,0,0,0,0,0,0,0,0,0,1,0,0,1,0,0,16,15,5,7,2,0,0,0,0,1,2,2,2,0,0,0,0,0,0,0,0,0,0,0,0,0,0,0,1,0,0,1,0,0,1,0,0,0,1,0,1,0,0,0.5,0.1,,
16,15,5,7,2,1,0,0,0,0,3,0,0,0,2,1,1,0,0,0,0,0,0,1,1,0,0,0,1,0,0,1,0,0,16,15,5,7,2,0,1,0,0,0,3,1,1,0,0,0,0,0,0,0,0,0,0,0,0,0,2,0,0,0,0,0,0,0,0,1,0,0,1,0,1,0,0,0.5,0.7,,
16,15,5,7,2,1,0,0,0,0,3,0,0,0,2,1,1,0,0,0,0,0,0,1,1,0,0,0,1,0,0,1,0,0,16,15,5,7,2,0,0,0,0,1,2,2,2,0,0,0,0,0,0,0,0,0,0,0,0,0,0,0,1,0,0,1,0,0,0,1,0,0,1,0,1,0,0,0.5,0.1,,
16,15,5,7,2,0,1,0,0,0,3,1,1,0,0,0,0,0,0,0,0,0,0,0,0,0,2,0,0,0,0,0,0,0,16,15,5,7,2,1,0,0,0,0,3,0,0,0,2,1,1,0,0,0,0,0,0,1,1,0,0,0,1,0,0,1,0,0,0,1,0,0,1,0,1,0,0,0.5,0.7,,
16,15,5,7,2,0,0,0,0,1,2,2,2,0,0,0,0,0,0,0,0,0,0,0,0,0,0,0,1,0,0,1,0,0,16,15,5,7,2,1,0,0,0,0,3,2,1,1,1,1,0,0,0,0,0,0,0,0,0,0,0,0,1,0,0,1,0,0,1,0,0,0,1,0,1,0,0,0.5,0.7,,
16,15,5,7,2,0,0,0,0,1,2,2,2,0,0,0,0,0,0,0,0,0,0,0,0,0,0,0,1,0,0,1,0,0,16,15,5,7,2,1,0,0,0,0,3,1,0,1,0,0,0,0,0,0,0,0,0,1,1,0,1,0,1,0,0,1,0,0,0,1,0,0,1,0,1,0,0,0.5,0.2,,
16,15,5,7,2,0,0,0,0,1,2,2,2,0,0,0,0,0,0,0,0,0,0,0,0,0,0,0,1,0,0,1,0,0,16,15,5,7,2,0,1,0,0,0,2,2,1,1,0,0,0,0,0,0,0,0,0,0,0,0,0,0,1,0,0,1,0,0,1,0,0,0,1,0,1,0,0,0.5,0.1,,
16,15,5,7,2,0,0,0,0,1,2,2,2,0,0,0,0,0,0,0,0,0,0,0,0,0,0,0,1,0,0,1,0,0,16,15,5,7,2,1,0,0,0,0,3,2,1,1,1,1,0,0,0,0,0,0,0,0,0,0,0,0,1,0,0,1,0,0,0,1,0,0,1,0,1,0,0,0.5,0.1,,
16,15,5,7,2,0,0,0,0,1,2,2,2,0,0,0,0,0,0,0,0,0,0,0,0,0,0,0,1,0,0,1,0,0,16,15,5,7,2,1,0,0,0,0,3,0,0,0,2,1,1,0,0,0,0,0,0,1,1,0,0,0,1,0,0,1,0,0,0,1,0,0,1,0,1,0,0,0.5,0.1,,
16,15,5,7,2,1,0,0,0,0,3,1,0,1,0,0,0,0,0,0,0,0,0,1,1,0,1,0,1,0,0,1,0,0,16,15,5,7,2,0,0,0,0,1,2,2,2,0,0,0,0,0,0,0,0,0,0,0,0,0,0,0,1,0,0,1,0,0,0,1,0,0,1,0,1,0,0,0.5,0.2,,
16,15,5,7,2,1,0,0,0,0,3,1,0,1,0,0,0,0,0,0,0,0,0,1,1,0,1,0,1,0,0,1,0,0,16,15,5,7,2,0,0,1,0,0,1,1,0,1,0,0,0,0,0,0,0,0,0,0,0,0,0,0,0,0,0,0,0,0,1,0,0,0,1,0,1,0,0,0.5,0.2,,
16,15,5,7,2,0,0,1,0,0,2,1,1,0,1,1,0,0,0,0,0,0,0,0,0,0,0,0,0,0,0,0,0,0,16,15,5,7,2,1,0,0,0,0,4,1,1,0,0,0,0,1,1,0,0,0,0,0,0,0,2,0,0,0,0,0,0,0,0,1,0,0,1,0,1,0,0,0.5,0.9,,
16,15,5,7,2,1,0,0,0,0,4,1,1,0,0,0,0,1,1,0,0,0,0,0,0,0,2,0,0,0,0,0,0,0,16,15,5,7,2,0,0,1,0,0,2,1,1,0,1,1,0,0,0,0,0,0,0,0,0,0,0,0,0,0,0,0,0,0,0,1,0,0,1,0,1,0,0,0.5,0.9,,
16,15,5,7,2,1,0,0,0,0,4,1,1,0,0,0,0,1,1,0,0,0,0,0,0,0,2,0,0,0,0,0,0,0,16,15,5,7,2,0,0,1,0,0,2,1,1,0,0,0,0,0,0,0,0,0,0,0,0,0,1,0,0,0,0,0,0,0,1,0,0,0,1,0,1,0,0,0.5,0.2,,
16,15,5,7,2,1,0,0,0,0,3,1,1,0,0,0,0,2,1,1,0,0,0,0,0,0,0,0,0,0,0,0,0,0,16,15,5,7,2,0,0,1,0,0,2,1,1,0,0,0,0,0,0,0,0,0,0,0,0,0,1,0,0,0,0,0,0,0,0,1,0,0,1,0,1,0,0,0.5,0.2,,
16,15,5,7,2,0,0,1,0,0,2,1,1,0,0,0,0,0,0,0,0,0,0,0,0,0,1,0,0,0,0,0,0,0,16,15,5,7,2,1,0,0,0,0,4,1,1,0,0,0,0,1,1,0,0,0,0,0,0,0,2,0,0,0,0,0,0,0,1,0,0,0,1,0,1,0,0,0.5,0.2,,
16,15,5,7,2,1,0,0,0,0,3,1,0,1,0,0,0,0,0,0,0,0,0,0,0,0,2,0,0,0,0,0,0,0,16,15,5,7,2,0,0,0,0,1,2,2,2,0,0,0,0,0,0,0,0,0,0,0,0,0,0,0,1,0,0,0,1,0,1,0,0,0,1,0,1,0,0,0.7,0.1,,
16,15,5,7,2,1,0,0,0,0,3,1,0,1,0,0,0,0,0,0,0,0,0,0,0,0,2,0,0,0,0,0,0,0,16,15,5,7,2,1,0,0,0,0,3,2,1,1,0,0,0,0,0,0,0,0,0,0,0,0,1,0,0,0,0,0,0,0,0,0,1,0,1,0,1,0,0,0.7,0.1,,
16,15,5,7,2,1,0,0,0,0,3,2,1,1,0,0,0,0,0,0,0,0,0,0,0,0,1,0,0,0,0,0,0,0,16,15,5,7,2,1,0,0,0,0,3,3,2,1,0,0,0,0,0,0,0,0,0,0,0,0,0,0,1,0,0,0,1,0,0,1,0,0,1,0,1,0,0,0.7,0.2,,
16,15,5,7,2,1,0,0,0,0,3,2,1,1,0,0,0,0,0,0,0,0,0,0,0,0,1,0,0,0,0,0,0,0,16,15,5,7,2,0,0,0,0,1,2,2,2,0,0,0,0,0,0,0,0,0,0,0,0,0,0,0,1,0,0,0,1,0,1,0,0,0,1,0,1,0,0,0.7,0.1,,
16,15,5,7,2,1,0,0,0,0,3,2,1,1,0,0,0,0,0,0,0,0,0,0,0,0,1,0,0,0,0,0,0,0,16,15,5,7,2,1,0,0,0,0,3,1,0,1,0,0,0,0,0,0,0,0,0,0,0,0,2,0,0,0,0,0,0,0,0,0,1,0,1,0,1,0,0,0.7,0.1,,
16,15,5,7,2,1,0,0,0,0,3,3,2,1,0,0,0,0,0,0,0,0,0,0,0,0,0,0,1,0,0,0,1,0,16,15,5,7,2,1,0,0,0,0,4,1,1,0,0,0,0,0,0,0,0,0,0,1,1,0,2,0,1,0,0,0,1,0,0,1,0,0,1,0,1,0,0,0.7,0.2,,
16,15,5,7,2,1,0,0,0,0,3,3,2,1,0,0,0,0,0,0,0,0,0,0,0,0,0,0,1,0,0,0,1,0,16,15,5,7,2,1,0,0,0,0,3,2,1,1,0,0,0,0,0,0,0,0,0,0,0,0,1,0,0,0,0,0,0,0,0,1,0,0,1,0,1,0,0,0.7,0.2,,
16,15,5,7,2,1,0,0,0,0,3,3,2,1,0,0,0,0,0,0,0,0,0,0,0,0,0,0,1,0,0,0,1,0,16,15,5,7,2,0,0,0,0,1,2,2,2,0,0,0,0,0,0,0,0,0,0,0,0,0,0,0,1,0,0,0,1,0,0,1,0,0,1,0,1,0,0,0.7,0.3,,
16,15,5,7,2,1,0,0,0,0,3,2,1,1,1,1,0,0,0,0,0,0,0,0,0,0,0,0,1,0,0,0,1,0,16,15,5,7,2,0,1,0,0,0,3,3,3,0,0,0,0,0,0,0,0,0,0,0,0,0,0,0,2,0,1,0,1,0,0,1,0,0,1,0,1,0,0,0.7,0.3,,
16,15,5,7,2,1,0,0,0,0,3,2,1,1,1,1,0,0,0,0,0,0,0,0,0,0,0,0,1,0,0,0,1,0,16,15,5,7,2,0,0,0,0,1,2,2,2,0,0,0,0,0,0,0,0,0,0,0,0,0,0,0,1,0,0,0,1,0,0,1,0,0,1,0,1,0,0,0.7,0.2,,
16,15,5,7,2,1,0,0,0,0,3,2,1,1,1,1,0,0,0,0,0,0,0,0,0,0,0,0,1,0,0,0,1,0,16,15,5,7,2,0,1,0,0,0,3,3,3,0,0,0,0,0,0,0,0,0,0,0,0,0,0,0,2,0,1,0,1,0,0,0,1,0,1,0,1,0,0,0.7,0.1,,
16,15,5,7,2,0,1,0,0,0,3,3,3,0,0,0,0,0,0,0,0,0,0,0,0,0,0,0,2,0,1,0,1,0,16,15,5,7,2,1,0,0,0,0,3,1,1,0,1,1,0,1,0,1,0,0,0,0,0,0,0,0,1,0,1,0,0,0,0,1,0,0,1,0,1,0,0,0.7,0.6,,
16,15,5,7,2,0,1,0,0,0,3,3,3,0,0,0,0,0,0,0,0,0,0,0,0,0,0,0,2,0,1,0,1,0,16,15,5,7,2,1,0,0,0,0,3,2,1,1,1,1,0,0,0,0,0,0,0,0,0,0,0,0,1,0,0,0,1,0,0,1,0,0,1,0,1,0,0,0.7,0.3,,
16,15,5,7,2,0,1,0,0,0,3,3,3,0,0,0,0,0,0,0,0,0,0,0,0,0,0,0,2,0,1,0,1,0,16,15,5,7,2,1,0,0,0,0,3,2,1,1,1,1,0,0,0,0,0,0,0,0,0,0,0,0,1,0,0,0,1,0,0,0,1,0,1,0,1,0,0,0.7,0.1,,
16,15,5,7,2,1,0,0,0,0,3,1,1,0,1,1,0,1,0,1,0,0,0,0,0,0,0,0,1,0,1,0,0,0,16,15,5,7,2,0,1,0,0,0,3,3,3,0,0,0,0,0,0,0,0,0,0,0,0,0,0,0,2,0,1,0,1,0,0,1,0,0,1,0,1,0,0,0.7,0.6,,
16,15,5,7,2,1,0,0,0,0,3,1,1,0,1,1,0,1,0,1,0,0,0,0,0,0,0,0,1,0,1,0,0,0,16,15,5,7,2,0,0,0,0,1,2,2,2,0,0,0,0,0,0,0,0,0,0,0,0,0,0,0,1,0,0,0,1,0,1,0,0,0,1,0,1,0,0,0.7,0.2,,
16,15,5,7,2,1,0,0,0,0,3,1,1,0,1,1,0,1,0,1,0,0,0,0,0,0,0,0,1,0,1,0,0,0,16,15,5,7,2,0,0,1,0,0,1,1,0,1,0,0,0,0,0,0,0,0,0,0,0,0,0,0,0,0,0,0,0,0,0,0,1,0,1,0,1,0,0,0.7,0.1,,
16,15,5,7,2,1,0,0,0,0,3,1,1,0,1,1,0,1,0,1,0,0,0,0,0,0,0,0,1,0,1,0,0,0,16,15,5,7,2,0,0,0,0,1,2,2,2,0,0,0,0,0,0,0,0,0,0,0,0,0,0,0,1,0,0,1,0,0,1,0,0,0,1,0,1,0,0,0.7,0.1,,
16,15,5,7,2,1,0,0,0,0,4,2,2,0,1,1,0,0,0,0,0,0,0,0,0,0,1,0,1,0,1,0,0,0,16,15,5,7,2,0,0,0,0,1,2,2,2,0,0,0,0,0,0,0,0,0,0,0,0,0,0,0,1,0,0,0,1,0,1,0,0,0,1,0,1,0,0,0.7,0.3,,
16,15,5,7,2,1,0,0,0,0,4,2,2,0,1,1,0,0,0,0,0,0,0,0,0,0,1,0,1,0,1,0,0,0,16,15,5,7,2,0,1,0,0,0,3,2,2,0,0,0,0,0,0,0,0,0,0,0,0,0,1,0,0,0,0,0,0,0,0,1,0,0,1,0,1,0,0,0.7,0.3,,
16,15,5,7,2,1,0,0,0,0,4,2,2,0,1,1,0,0,0,0,0,0,0,0,0,0,1,0,1,0,1,0,0,0,16,15,5,7,2,1,0,0,0,0,4,1,1,0,1,1,0,0,0,0,0,0,0,1,1,0,1,0,2,0,1,0,1,0,0,1,0,0,1,0,1,0,0,0.7,0.5,,
16,15,5,7,2,1,0,0,0,0,4,2,2,0,1,1,0,0,0,0,0,0,0,0,0,0,1,0,1,0,1,0,0,0,16,15,5,7,2,1,0,0,0,0,4,1,1,0,1,1,0,0,0,0,0,0,0,1,1,0,1,0,2,0,1,0,1,0,0,0,1,0,1,0,1,0,0,0.7,0.4,,
16,15,5,7,2,1,0,0,0,0,4,1,1,0,1,1,0,0,0,0,0,0,0,1,1,0,1,0,2,0,1,0,1,0,16,15,5,7,2,0,0,0,0,1,2,2,2,0,0,0,0,0,0,0,0,0,0,0,0,0,0,0,1,0,0,0,1,0,0,1,0,0,1,0,1,0,0,0.7,0.3,,
16,15,5,7,2,1,0,0,0,0,4,1,1,0,1,1,0,0,0,0,0,0,0,1,1,0,1,0,2,0,1,0,1,0,16,15,5,7,2,1,0,0,0,0,4,2,2,0,1,1,0,0,0,0,0,0,0,0,0,0,1,0,1,0,1,0,0,0,0,1,0,0,1,0,1,0,0,0.7,0.5,,
16,15,5,7,2,1,0,0,0,0,4,1,1,0,1,1,0,0,0,0,0,0,0,1,1,0,1,0,2,0,1,0,1,0,16,15,5,7,2,1,0,0,0,0,4,2,2,0,1,1,0,0,0,0,0,0,0,0,0,0,1,0,1,0,1,0,0,0,0,0,1,0,1,0,1,0,0,0.7,0.4,,
16,15,5,7,2,0,0,0,0,1,2,2,2,0,0,0,0,0,0,0,0,0,0,0,0,0,0,0,1,0,0,0,1,0,16,15,5,7,2,1,0,0,0,0,4,2,2,0,1,1,0,0,0,0,0,0,0,0,0,0,1,0,1,0,1,0,0,0,1,0,0,0,1,0,1,0,0,0.7,0.3,,
16,15,5,7,2,0,0,0,0,1,2,2,2,0,0,0,0,0,0,0,0,0,0,0,0,0,0,0,1,0,0,0,1,0,16,15,5,7,2,1,0,0,0,0,4,1,1,0,0,0,0,0,0,0,0,0,0,1,1,0,2,0,1,0,0,0,1,0,0,1,0,0,1,0,1,0,0,0.7,0.2,,
16,15,5,7,2,0,0,0,0,1,2,2,2,0,0,0,0,0,0,0,0,0,0,0,0,0,0,0,1,0,0,0,1,0,16,15,5,7,2,1,0,0,0,0,3,1,1,0,1,1,0,1,0,1,0,0,0,0,0,0,0,0,1,0,1,0,0,0,1,0,0,0,1,0,1,0,0,0.7,0.2,,
16,15,5,7,2,0,0,0,0,1,2,2,2,0,0,0,0,0,0,0,0,0,0,0,0,0,0,0,1,0,0,0,1,0,16,15,5,7,2,1,0,0,0,0,4,1,1,0,1,1,0,0,0,0,0,0,0,1,1,0,1,0,2,0,1,0,1,0,0,1,0,0,1,0,1,0,0,0.7,0.3,,
16,15,5,7,2,0,0,0,0,1,2,2,2,0,0,0,0,0,0,0,0,0,0,0,0,0,0,0,1,0,0,0,1,0,16,15,5,7,2,1,0,0,0,0,3,1,0,1,0,0,0,0,0,0,0,0,0,0,0,0,2,0,0,0,0,0,0,0,1,0,0,0,1,0,1,0,0,0.7,0.1,,
16,15,5,7,2,0,0,0,0,1,2,2,2,0,0,0,0,0,0,0,0,0,0,0,0,0,0,0,1,0,0,0,1,0,16,15,5,7,2,1,0,0,0,0,3,2,1,1,0,0,0,0,0,0,0,0,0,0,0,0,1,0,0,0,0,0,0,0,1,0,0,0,1,0,1,0,0,0.7,0.1,,
16,15,5,7,2,0,0,0,0,1,2,2,2,0,0,0,0,0,0,0,0,0,0,0,0,0,0,0,1,0,0,0,1,0,16,15,5,7,2,1,0,0,0,0,3,3,2,1,0,0,0,0,0,0,0,0,0,0,0,0,0,0,1,0,0,0,1,0,1,0,0,0,1,0,1,0,0,0.7,0.3,,
16,15,5,7,2,0,0,0,0,1,2,2,2,0,0,0,0,0,0,0,0,0,0,0,0,0,0,0,1,0,0,0,1,0,16,15,5,7,2,1,0,0,0,0,3,3,2,1,0,0,0,0,0,0,0,0,0,0,0,0,0,0,1,0,0,0,1,0,0,1,0,0,1,0,1,0,0,0.7,0.2,,
16,15,5,7,2,1,0,0,0,0,4,1,1,0,0,0,0,0,0,0,0,0,0,1,1,0,2,0,1,0,0,0,1,0,16,15,5,7,2,0,0,0,0,1,2,2,2,0,0,0,0,0,0,0,0,0,0,0,0,0,0,0,1,0,0,0,1,0,0,1,0,0,1,0,1,0,0,0.7,0.2,,
16,15,5,7,2,1,0,0,0,0,4,1,1,0,0,0,0,0,0,0,0,0,0,1,1,0,2,0,1,0,0,0,1,0,16,15,5,7,2,1,0,0,0,0,3,3,2,1,0,0,0,0,0,0,0,0,0,0,0,0,0,0,1,0,0,0,1,0,0,1,0,0,1,0,1,0,0,0.7,0.2,,
16,15,5,7,2,1,0,0,0,0,3,1,1,0,0,0,0,2,1,1,0,0,0,0,0,0,0,0,0,0,0,0,0,0,16,15,5,7,2,0,0,1,0,0,2,1,1,0,0,0,0,0,0,0,0,0,0,0,0,0,1,0,0,0,0,0,0,0,0,1,0,0,1,0,1,0,0,0.7,0.2,,
16,15,5,7,2,0,1,0,0,0,3,2,2,0,0,0,0,0,0,0,0,0,0,0,0,0,1,0,0,0,0,0,0,0,16,15,5,7,2,1,0,0,0,0,4,2,2,0,1,1,0,0,0,0,0,0,0,0,0,0,1,0,1,0,1,0,0,0,0,1,0,0,1,0,1,0,0,0.7,0.3,,
16,15,5,7,2,0,1,0,0,0,3,2,2,0,0,0,0,0,0,0,0,0,0,0,0,0,1,0,0,0,0,0,0,0,16,15,5,7,2,1,0,0,0,0,3,1,1,0,1,1,0,1,0,1,0,0,0,0,0,0,0,0,0,0,0,0,0,0,0,1,0,0,1,0,1,0,0,0.7,0.1,,
16,15,5,7,2,1,0,0,0,0,3,1,1,0,1,1,0,1,0,1,0,0,0,0,0,0,0,0,0,0,0,0,0,0,16,15,5,7,2,0,1,0,0,0,3,2,2,0,0,0,0,0,0,0,0,0,0,0,0,0,1,0,0,0,0,0,0,0,0,1,0,0,1,0,1,0,0,0.7,0.1,,
16,15,5,7,2,1,0,0,0,0,3,1,1,0,1,1,0,1,0,1,0,0,0,0,0,0,0,0,0,0,0,0,0,0,16,15,5,7,2,1,0,0,0,0,3,2,2,0,1,0,1,0,0,0,0,0,0,0,0,0,0,0,0,0,0,0,0,0,0,1,0,0,1,0,1,0,0,0.7,0.1,,
16,15,5,7,2,1,0,0,0,0,3,2,2,0,1,0,1,0,0,0,0,0,0,0,0,0,0,0,0,0,0,0,0,0,16,15,5,7,2,1,0,0,0,0,3,1,1,0,1,1,0,1,0,1,0,0,0,0,0,0,0,0,0,0,0,0,0,0,0,1,0,0,1,0,1,0,0,0.7,0.1,,
16,15,5,7,2,1,0,0,0,0,3,2,1,1,1,1,0,0,0,0,0,0,0,0,0,0,0,0,1,0,0,1,0,0,16,15,5,7,2,0,1,0,0,0,2,2,1,1,0,0,0,0,0,0,0,0,0,0,0,0,0,0,1,0,0,1,0,0,0,1,0,0,1,0,1,0,0,0.7,0.3,,
16,15,5,7,2,1,0,0,0,0,3,2,1,1,1,1,0,0,0,0,0,0,0,0,0,0,0,0,1,0,0,1,0,0,16,15,5,7,2,0,0,0,0,1,2,2,2,0,0,0,0,0,0,0,0,0,0,0,0,0,0,0,1,0,0,1,0,0,1,0,0,0,1,0,1,0,0,0.7,0.7,,
16,15,5,7,2,1,0,0,0,0,3,2,1,1,1,1,0,0,0,0,0,0,0,0,0,0,0,0,1,0,0,1,0,0,16,15,5,7,2,0,0,0,0,1,2,2,2,0,0,0,0,0,0,0,0,0,0,0,0,0,0,0,1,0,0,1,0,0,0,1,0,0,1,0,1,0,0,0.7,0.1,,
16,15,5,7,2,0,1,0,0,0,2,2,1,1,0,0,0,0,0,0,0,0,0,0,0,0,0,0,1,0,0,1,0,0,16,15,5,7,2,1,0,0,0,0,3,2,1,1,1,1,0,0,0,0,0,0,0,0,0,0,0,0,1,0,0,1,0,0,0,1,0,0,1,0,1,0,0,0.7,0.3,,
16,15,5,7,2,0,1,0,0,0,2,2,1,1,0,0,0,0,0,0,0,0,0,0,0,0,0,0,1,0,0,1,0,0,16,15,5,7,2,0,0,0,0,1,2,2,2,0,0,0,0,0,0,0,0,0,0,0,0,0,0,0,1,0,0,1,0,0,1,0,0,0,1,0,1,0,0,0.7,0.1,,
16,15,5,7,2,1,0,0,0,0,3,0,0,0,2,1,1,0,0,0,0,0,0,1,1,0,0,0,1,0,0,1,0,0,16,15,5,7,2,0,1,0,0,0,3,1,1,0,0,0,0,0,0,0,0,0,0,0,0,0,2,0,0,0,0,0,0,0,0,1,0,0,1,0,1,0,0,0.7,0.9,,
16,15,5,7,2,1,0,0,0,0,3,0,0,0,2,1,1,0,0,0,0,0,0,1,1,0,0,0,1,0,0,1,0,0,16,15,5,7,2,0,1,0,0,0,3,1,1,0,0,0,0,0,0,0,0,0,0,0,0,0,2,0,0,0,0,0,0,0,0,0,1,0,1,0,1,0,0,0.7,0.1,,
16,15,5,7,2,0,1,0,0,0,3,1,1,0,0,0,0,0,0,0,0,0,0,0,0,0,2,0,0,0,0,0,0,0,16,15,5,7,2,1,0,0,0,0,3,0,0,0,2,1,1,0,0,0,0,0,0,1,1,0,0,0,1,0,0,1,0,0,0,1,0,0,1,0,1,0,0,0.7,0.9,,
16,15,5,7,2,0,1,0,0,0,3,1,1,0,0,0,0,0,0,0,0,0,0,0,0,0,2,0,0,0,0,0,0,0,16,15,5,7,2,1,0,0,0,0,3,0,0,0,2,1,1,0,0,0,0,0,0,1,1,0,0,0,1,0,0,1,0,0,0,0,1,0,1,0,1,0,0,0.7,0.1,,
16,15,5,7,2,0,0,0,0,1,2,2,2,0,0,0,0,0,0,0,0,0,0,0,0,0,0,0,1,0,0,1,0,0,16,15,5,7,2,1,0,0,0,0,3,2,1,1,1,1,0,0,0,0,0,0,0,0,0,0,0,0,1,0,0,1,0,0,1,0,0,0,1,0,1,0,0,0.7,0.7,,
16,15,5,7,2,0,0,0,0,1,2,2,2,0,0,0,0,0,0,0,0,0,0,0,0,0,0,0,1,0,0,1,0,0,16,15,5,7,2,1,0,0,0,0,3,1,0,1,0,0,0,0,0,0,0,0,0,1,1,0,1,0,1,0,0,1,0,0,0,1,0,0,1,0,1,0,0,0.7,0.5,,
16,15,5,7,2,0,0,0,0,1,2,2,2,0,0,0,0,0,0,0,0,0,0,0,0,0,0,0,1,0,0,1,0,0,16,15,5,7,2,1,0,0,0,0,4,1,1,0,0,0,0,1,1,0,0,0,0,0,0,0,2,0,0,0,0,0,0,0,1,0,0,0,1,0,1,0,0,0.7,0.2,,
16,15,5,7,2,0,0,0,0,1,2,2,2,0,0,0,0,0,0,0,0,0,0,0,0,0,0,0,1,0,0,1,0,0,16,15,5,7,2,0,1,0,0,0,2,2,1,1,0,0,0,0,0,0,0,0,0,0,0,0,0,0,1,0,0,1,0,0,1,0,0,0,1,0,1,0,0,0.7,0.1,,
16,15,5,7,2,0,0,0,0,1,2,2,2,0,0,0,0,0,0,0,0,0,0,0,0,0,0,0,1,0,0,1,0,0,16,15,5,7,2,1,0,0,0,0,3,2,1,1,1,1,0,0,0,0,0,0,0,0,0,0,0,0,1,0,0,1,0,0,0,1,0,0,1,0,1,0,0,0.7,0.1,,
16,15,5,7,2,0,0,0,0,1,2,2,2,0,0,0,0,0,0,0,0,0,0,0,0,0,0,0,1,0,0,1,0,0,16,15,5,7,2,1,0,0,0,0,3,1,1,0,1,1,0,1,0,1,0,0,0,0,0,0,0,0,1,0,1,0,0,0,1,0,0,0,1,0,1,0,0,0.7,0.1,,
16,15,5,7,2,0,0,0,0,1,2,2,2,0,0,0,0,0,0,0,0,0,0,0,0,0,0,0,1,0,0,1,0,0,16,15,5,7,2,1,0,0,0,0,3,1,1,0,0,0,0,2,1,1,0,0,0,0,0,0,0,0,0,0,0,0,0,0,1,0,0,0,1,0,1,0,0,0.7,0.1,,
16,15,5,7,2,1,0,0,0,0,3,1,0,1,0,0,0,0,0,0,0,0,0,1,1,0,1,0,1,0,0,1,0,0,16,15,5,7,2,0,0,0,0,1,2,2,2,0,0,0,0,0,0,0,0,0,0,0,0,0,0,0,1,0,0,1,0,0,0,1,0,0,1,0,1,0,0,0.7,0.5,,
16,15,5,7,2,1,0,0,0,0,3,1,0,1,0,0,0,0,0,0,0,0,0,1,1,0,1,0,1,0,0,1,0,0,16,15,5,7,2,0,0,1,0,0,1,1,0,1,0,0,0,0,0,0,0,0,0,0,0,0,0,0,0,0,0,0,0,0,1,0,0,0,1,0,1,0,0,0.7,0.3,,
16,15,5,7,2,1,0,0,0,0,3,1,0,1,0,0,0,0,0,0,0,0,0,1,1,0,1,0,1,0,0,1,0,0,16,15,5,7,2,0,0,1,0,0,2,1,1,0,0,0,0,0,0,0,0,0,0,0,0,0,1,0,0,0,0,0,0,0,1,0,0,0,1,0,1,0,0,0.7,0.1,,
16,15,5,7,2,0,0,1,0,0,2,1,1,0,1,1,0,0,0,0,0,0,0,0,0,0,0,0,0,0,0,0,0,0,16,15,5,7,2,1,0,0,0,0,4,1,1,0,0,0,0,1,1,0,0,0,0,0,0,0,2,0,0,0,0,0,0,0,0,1,0,0,1,0,1,0,0,0.7,0.7,,
16,15,5,7,2,1,0,0,0,0,4,1,1,0,0,0,0,1,1,0,0,0,0,0,0,0,2,0,0,0,0,0,0,0,16,15,5,7,2,0,0,1,0,0,2,1,1,0,1,1,0,0,0,0,0,0,0,0,0,0,0,0,0,0,0,0,0,0,0,1,0,0,1,0,1,0,0,0.7,0.7,,
16,15,5,7,2,1,0,0,0,0,4,1,1,0,0,0,0,1,1,0,0,0,0,0,0,0,2,0,0,0,0,0,0,0,16,15,5,7,2,0,0,0,0,1,2,2,2,0,0,0,0,0,0,0,0,0,0,0,0,0,0,0,1,0,0,1,0,0,1,0,0,0,1,0,1,0,0,0.7,0.2,,
16,15,5,7,2,1,0,0,0,0,4,1,1,0,0,0,0,1,1,0,0,0,0,0,0,0,2,0,0,0,0,0,0,0,16,15,5,7,2,0,0,1,0,0,2,1,1,0,0,0,0,0,0,0,0,0,0,0,0,0,1,0,0,0,0,0,0,0,1,0,0,0,1,0,1,0,0,0.7,0.5,,
16,15,5,7,2,1,0,0,0,0,3,1,1,0,0,0,0,2,1,1,0,0,0,0,0,0,0,0,0,0,0,0,0,0,16,15,5,7,2,0,0,1,0,0,2,1,1,0,0,0,0,0,0,0,0,0,0,0,0,0,1,0,0,0,0,0,0,0,0,1,0,0,1,0,1,0,0,0.7,0.2,,
16,15,5,7,2,1,0,0,0,0,3,1,1,0,0,0,0,2,1,1,0,0,0,0,0,0,0,0,0,0,0,0,0,0,16,15,5,7,2,0,0,0,0,1,2,2,2,0,0,0,0,0,0,0,0,0,0,0,0,0,0,0,1,0,0,1,0,0,1,0,0,0,1,0,1,0,0,0.7,0.1,,
16,15,5,7,2,0,0,1,0,0,2,1,1,0,0,0,0,0,0,0,0,0,0,0,0,0,1,0,0,0,0,0,0,0,16,15,5,7,2,1,0,0,0,0,4,1,1,0,0,0,0,1,1,0,0,0,0,0,0,0,2,0,0,0,0,0,0,0,1,0,0,0,1,0,1,0,0,0.7,0.5,,
16,15,5,7,2,0,0,1,0,0,2,1,1,0,0,0,0,0,0,0,0,0,0,0,0,0,1,0,0,0,0,0,0,0,16,15,5,7,2,1,0,0,0,0,3,1,0,1,0,0,0,0,0,0,0,0,0,1,1,0,1,0,1,0,0,1,0,0,1,0,0,0,1,0,1,0,0,0.7,0.1,,
16,15,5,7,2,1,0,0,0,0,3,1,0,1,0,0,0,0,0,0,0,0,0,0,0,0,2,0,0,0,0,0,0,0,16,15,5,7,2,0,0,0,0,1,2,2,2,0,0,0,0,0,0,0,0,0,0,0,0,0,0,0,1,0,0,0,1,0,1,0,0,0,1,0,1,0,0,0.9,0.1,,
16,15,5,7,2,1,0,0,0,0,3,2,1,1,0,0,0,0,0,0,0,0,0,0,0,0,1,0,0,0,0,0,0,0,16,15,5,7,2,1,0,0,0,0,3,3,2,1,0,0,0,0,0,0,0,0,0,0,0,0,0,0,1,0,0,0,1,0,0,1,0,0,1,0,1,0,0,0.9,0.1,,
16,15,5,7,2,1,0,0,0,0,3,2,1,1,0,0,0,0,0,0,0,0,0,0,0,0,1,0,0,0,0,0,0,0,16,15,5,7,2,0,0,1,0,0,2,1,1,0,0,0,0,0,0,0,0,0,0,0,0,0,1,0,0,0,0,0,0,0,1,0,0,0,1,0,1,0,0,0.9,0.1,,
16,15,5,7,2,1,0,0,0,0,3,3,2,1,0,0,0,0,0,0,0,0,0,0,0,0,0,0,1,0,0,0,1,0,16,15,5,7,2,1,0,0,0,0,3,2,1,1,0,0,0,0,0,0,0,0,0,0,0,0,1,0,0,0,0,0,0,0,0,1,0,0,1,0,1,0,0,0.9,0.1,,
16,15,5,7,2,1,0,0,0,0,3,3,2,1,0,0,0,0,0,0,0,0,0,0,0,0,0,0,1,0,0,0,1,0,16,15,5,7,2,0,0,0,0,1,2,2,2,0,0,0,0,0,0,0,0,0,0,0,0,0,0,0,1,0,0,0,1,0,0,1,0,0,1,0,1,0,0,0.9,0.1,,
16,15,5,7,2,1,0,0,0,0,3,2,1,1,1,1,0,0,0,0,0,0,0,0,0,0,0,0,1,0,0,0,1,0,16,15,5,7,2,0,1,0,0,0,3,3,3,0,0,0,0,0,0,0,0,0,0,0,0,0,0,0,2,0,1,0,1,0,0,1,0,0,1,0,1,0,0,0.9,0.2,,
16,15,5,7,2,0,1,0,0,0,3,3,3,0,0,0,0,0,0,0,0,0,0,0,0,0,0,0,2,0,1,0,1,0,16,15,5,7,2,1,0,0,0,0,3,1,1,0,1,1,0,1,0,1,0,0,0,0,0,0,0,0,1,0,1,0,0,0,0,1,0,0,1,0,1,0,0,0.9,0.8,,
16,15,5,7,2,0,1,0,0,0,3,3,3,0,0,0,0,0,0,0,0,0,0,0,0,0,0,0,2,0,1,0,1,0,16,15,5,7,2,1,0,0,0,0,3,2,1,1,1,1,0,0,0,0,0,0,0,0,0,0,0,0,1,0,0,0,1,0,0,1,0,0,1,0,1,0,0,0.9,0.2,,
16,15,5,7,2,1,0,0,0,0,3,1,1,0,1,1,0,1,0,1,0,0,0,0,0,0,0,0,1,0,1,0,0,0,16,15,5,7,2,0,1,0,0,0,3,3,3,0,0,0,0,0,0,0,0,0,0,0,0,0,0,0,2,0,1,0,1,0,0,1,0,0,1,0,1,0,0,0.9,0.8,,
16,15,5,7,2,1,0,0,0,0,3,1,1,0,1,1,0,1,0,1,0,0,0,0,0,0,0,0,1,0,1,0,0,0,16,15,5,7,2,0,0,0,0,1,2,2,2,0,0,0,0,0,0,0,0,0,0,0,0,0,0,0,1,0,0,0,1,0,1,0,0,0,1,0,1,0,0,0.9,0.1,,
16,15,5,7,2,1,0,0,0,0,3,1,1,0,1,1,0,1,0,1,0,0,0,0,0,0,0,0,1,0,1,0,0,0,16,15,5,7,2,0,0,1,0,0,2,1,1,0,0,0,0,0,0,0,0,0,0,0,0,0,1,0,0,0,0,0,0,0,1,0,0,0,1,0,1,0,0,0.9,0.1,,
16,15,5,7,2,1,0,0,0,0,4,2,2,0,1,1,0,0,0,0,0,0,0,0,0,0,1,0,1,0,1,0,0,0,16,15,5,7,2,0,0,0,0,1,2,2,2,0,0,0,0,0,0,0,0,0,0,0,0,0,0,0,1,0,0,0,1,0,1,0,0,0,1,0,1,0,0,0.9,0.4,,
16,15,5,7,2,1,0,0,0,0,4,2,2,0,1,1,0,0,0,0,0,0,0,0,0,0,1,0,1,0,1,0,0,0,16,15,5,7,2,0,1,0,0,0,3,2,2,0,0,0,0,0,0,0,0,0,0,0,0,0,1,0,0,0,0,0,0,0,0,1,0,0,1,0,1,0,0,0.9,0.6,,
16,15,5,7,2,1,0,0,0,0,4,2,2,0,1,1,0,0,0,0,0,0,0,0,0,0,1,0,1,0,1,0,0,0,16,15,5,7,2,1,0,0,0,0,4,1,1,0,1,1,0,0,0,0,0,0,0,1,1,0,1,0,2,0,1,0,1,0,0,1,0,0,1,0,1,0,0,0.9,0.4,,
16,15,5,7,2,1,0,0,0,0,4,2,2,0,1,1,0,0,0,0,0,0,0,0,0,0,1,0,1,0,1,0,0,0,16,15,5,7,2,1,0,0,0,0,4,1,1,0,1,1,0,0,0,0,0,0,0,1,1,0,1,0,2,0,1,0,1,0,0,0,1,0,1,0,1,0,0,0.9,0.2,,
16,15,5,7,2,1,0,0,0,0,4,1,1,0,1,1,0,0,0,0,0,0,0,1,1,0,1,0,2,0,1,0,1,0,16,15,5,7,2,0,0,0,0,1,2,2,2,0,0,0,0,0,0,0,0,0,0,0,0,0,0,0,1,0,0,0,1,0,0,1,0,0,1,0,1,0,0,0.9,0.5,,
16,15,5,7,2,1,0,0,0,0,4,1,1,0,1,1,0,0,0,0,0,0,0,1,1,0,1,0,2,0,1,0,1,0,16,15,5,7,2,1,0,0,0,0,4,2,2,0,1,1,0,0,0,0,0,0,0,0,0,0,1,0,1,0,1,0,0,0,0,1,0,0,1,0,1,0,0,0.9,0.4,,
16,15,5,7,2,1,0,0,0,0,4,1,1,0,1,1,0,0,0,0,0,0,0,1,1,0,1,0,2,0,1,0,1,0,16,15,5,7,2,1,0,0,0,0,4,2,2,0,1,1,0,0,0,0,0,0,0,0,0,0,1,0,1,0,1,0,0,0,0,0,1,0,1,0,1,0,0,0.9,0.2,,
16,15,5,7,2,0,0,0,0,1,2,2,2,0,0,0,0,0,0,0,0,0,0,0,0,0,0,0,1,0,0,0,1,0,16,15,5,7,2,1,0,0,0,0,4,2,2,0,1,1,0,0,0,0,0,0,0,0,0,0,1,0,1,0,1,0,0,0,1,0,0,0,1,0,1,0,0,0.9,0.4,,
16,15,5,7,2,0,0,0,0,1,2,2,2,0,0,0,0,0,0,0,0,0,0,0,0,0,0,0,1,0,0,0,1,0,16,15,5,7,2,1,0,0,0,0,4,1,1,0,0,0,0,0,0,0,0,0,0,1,1,0,2,0,1,0,0,0,1,0,0,1,0,0,1,0,1,0,0,0.9,0.6,,
16,15,5,7,2,0,0,0,0,1,2,2,2,0,0,0,0,0,0,0,0,0,0,0,0,0,0,0,1,0,0,0,1,0,16,15,5,7,2,1,0,0,0,0,3,1,1,0,1,1,0,1,0,1,0,0,0,0,0,0,0,0,1,0,1,0,0,0,1,0,0,0,1,0,1,0,0,0.9,0.1,,
16,15,5,7,2,0,0,0,0,1,2,2,2,0,0,0,0,0,0,0,0,0,0,0,0,0,0,0,1,0,0,0,1,0,16,15,5,7,2,1,0,0,0,0,4,1,1,0,1,1,0,0,0,0,0,0,0,1,1,0,1,0,2,0,1,0,1,0,0,1,0,0,1,0,1,0,0,0.9,0.5,,
16,15,5,7,2,0,0,0,0,1,2,2,2,0,0,0,0,0,0,0,0,0,0,0,0,0,0,0,1,0,0,0,1,0,16,15,5,7,2,1,0,0,0,0,3,1,0,1,0,0,0,0,0,0,0,0,0,0,0,0,2,0,0,0,0,0,0,0,1,0,0,0,1,0,1,0,0,0.9,0.1,,
16,15,5,7,2,0,0,0,0,1,2,2,2,0,0,0,0,0,0,0,0,0,0,0,0,0,0,0,1,0,0,0,1,0,16,15,5,7,2,1,0,0,0,0,3,3,2,1,0,0,0,0,0,0,0,0,0,0,0,0,0,0,1,0,0,0,1,0,1,0,0,0,1,0,1,0,0,0.9,0.1,,
16,15,5,7,2,1,0,0,0,0,4,1,1,0,0,0,0,0,0,0,0,0,0,1,1,0,2,0,1,0,0,0,1,0,16,15,5,7,2,0,0,0,0,1,2,2,2,0,0,0,0,0,0,0,0,0,0,0,0,0,0,0,1,0,0,0,1,0,0,1,0,0,1,0,1,0,0,0.9,0.6,,
16,15,5,7,2,1,0,0,0,0,4,1,1,0,0,0,0,0,0,0,0,0,0,1,1,0,2,0,1,0,0,0,1,0,16,15,5,7,2,0,0,1,0,0,2,1,1,0,0,0,0,0,0,0,0,0,0,0,0,0,1,0,0,0,0,0,0,0,1,0,0,0,1,0,1,0,0,0.9,0.1,,
16,15,5,7,2,1,0,0,0,0,3,1,1,0,0,0,0,2,1,1,0,0,0,0,0,0,0,0,0,0,0,0,0,0,16,15,5,7,2,0,0,1,0,0,2,1,1,0,0,0,0,0,0,0,0,0,0,0,0,0,1,0,0,0,0,0,0,0,0,1,0,0,1,0,1,0,0,0.9,0.1,,
16,15,5,7,2,0,1,0,0,0,3,2,2,0,0,0,0,0,0,0,0,0,0,0,0,0,1,0,0,0,0,0,0,0,16,15,5,7,2,1,0,0,0,0,4,2,2,0,1,1,0,0,0,0,0,0,0,0,0,0,1,0,1,0,1,0,0,0,0,1,0,0,1,0,1,0,0,0.9,0.6,,
16,15,5,7,2,0,1,0,0,0,3,2,2,0,0,0,0,0,0,0,0,0,0,0,0,0,1,0,0,0,0,0,0,0,16,15,5,7,2,1,0,0,0,0,3,1,1,0,1,1,0,1,0,1,0,0,0,0,0,0,0,0,0,0,0,0,0,0,0,1,0,0,1,0,1,0,0,0.9,0.2,,
16,15,5,7,2,1,0,0,0,0,3,1,1,0,1,1,0,1,0,1,0,0,0,0,0,0,0,0,0,0,0,0,0,0,16,15,5,7,2,0,1,0,0,0,3,2,2,0,0,0,0,0,0,0,0,0,0,0,0,0,1,0,0,0,0,0,0,0,0,1,0,0,1,0,1,0,0,0.9,0.2,,
16,15,5,7,2,1,0,0,0,0,3,1,1,0,1,1,0,1,0,1,0,0,0,0,0,0,0,0,0,0,0,0,0,0,16,15,5,7,2,1,0,0,0,0,3,2,2,0,1,0,1,0,0,0,0,0,0,0,0,0,0,0,0,0,0,0,0,0,0,1,0,0,1,0,1,0,0,0.9,0.2,,
16,15,5,7,2,1,0,0,0,0,3,2,2,0,1,0,1,0,0,0,0,0,0,0,0,0,0,0,0,0,0,0,0,0,16,15,5,7,2,1,0,0,0,0,3,1,1,0,1,1,0,1,0,1,0,0,0,0,0,0,0,0,0,0,0,0,0,0,0,1,0,0,1,0,1,0,0,0.9,0.2,,
16,15,5,7,2,1,0,0,0,0,3,2,1,1,1,1,0,0,0,0,0,0,0,0,0,0,0,0,1,0,0,1,0,0,16,15,5,7,2,0,1,0,0,0,2,2,1,1,0,0,0,0,0,0,0,0,0,0,0,0,0,0,1,0,0,1,0,0,0,1,0,0,1,0,1,0,0,0.9,0.1,,
16,15,5,7,2,1,0,0,0,0,3,2,1,1,1,1,0,0,0,0,0,0,0,0,0,0,0,0,1,0,0,1,0,0,16,15,5,7,2,0,0,0,0,1,2,2,2,0,0,0,0,0,0,0,0,0,0,0,0,0,0,0,1,0,0,1,0,0,1,0,0,0,1,0,1,0,0,0.9,0.5,,
16,15,5,7,2,1,0,0,0,0,3,2,1,1,1,1,0,0,0,0,0,0,0,0,0,0,0,0,1,0,0,1,0,0,16,15,5,7,2,0,0,0,0,1,2,2,2,0,0,0,0,0,0,0,0,0,0,0,0,0,0,0,1,0,0,1,0,0,0,1,0,0,1,0,1,0,0,0.9,0.4,,
16,15,5,7,2,0,1,0,0,0,2,2,1,1,0,0,0,0,0,0,0,0,0,0,0,0,0,0,1,0,0,1,0,0,16,15,5,7,2,1,0,0,0,0,3,2,1,1,1,1,0,0,0,0,0,0,0,0,0,0,0,0,1,0,0,1,0,0,0,1,0,0,1,0,1,0,0,0.9,0.1,,
16,15,5,7,2,0,1,0,0,0,2,2,1,1,0,0,0,0,0,0,0,0,0,0,0,0,0,0,1,0,0,1,0,0,16,15,5,7,2,0,0,0,0,1,2,2,2,0,0,0,0,0,0,0,0,0,0,0,0,0,0,0,1,0,0,1,0,0,1,0,0,0,1,0,1,0,0,0.9,0.2,,
16,15,5,7,2,1,0,0,0,0,3,0,0,0,2,1,1,0,0,0,0,0,0,1,1,0,0,0,1,0,0,1,0,0,16,15,5,7,2,0,1,0,0,0,3,1,1,0,0,0,0,0,0,0,0,0,0,0,0,0,2,0,0,0,0,0,0,0,0,1,0,0,1,0,1,0,0,0.9,0.3,,
16,15,5,7,2,1,0,0,0,0,3,0,0,0,2,1,1,0,0,0,0,0,0,1,1,0,0,0,1,0,0,1,0,0,16,15,5,7,2,0,0,0,0,1,2,2,2,0,0,0,0,0,0,0,0,0,0,0,0,0,0,0,1,0,0,1,0,0,0,1,0,0,1,0,1,0,0,0.9,0.1,,
16,15,5,7,2,0,1,0,0,0,3,1,1,0,0,0,0,0,0,0,0,0,0,0,0,0,2,0,0,0,0,0,0,0,16,15,5,7,2,1,0,0,0,0,3,0,0,0,2,1,1,0,0,0,0,0,0,1,1,0,0,0,1,0,0,1,0,0,0,1,0,0,1,0,1,0,0,0.9,0.3,,
16,15,5,7,2,0,0,0,0,1,2,2,2,0,0,0,0,0,0,0,0,0,0,0,0,0,0,0,1,0,0,1,0,0,16,15,5,7,2,1,0,0,0,0,3,2,1,1,1,1,0,0,0,0,0,0,0,0,0,0,0,0,1,0,0,1,0,0,1,0,0,0,1,0,1,0,0,0.9,0.5,,
16,15,5,7,2,0,0,0,0,1,2,2,2,0,0,0,0,0,0,0,0,0,0,0,0,0,0,0,1,0,0,1,0,0,16,15,5,7,2,1,0,0,0,0,3,1,0,1,0,0,0,0,0,0,0,0,0,1,1,0,1,0,1,0,0,1,0,0,0,1,0,0,1,0,1,0,0,0.9,0.5,,
16,15,5,7,2,0,0,0,0,1,2,2,2,0,0,0,0,0,0,0,0,0,0,0,0,0,0,0,1,0,0,1,0,0,16,15,5,7,2,0,1,0,0,0,2,2,1,1,0,0,0,0,0,0,0,0,0,0,0,0,0,0,1,0,0,1,0,0,1,0,0,0,1,0,1,0,0,0.9,0.2,,
16,15,5,7,2,0,0,0,0,1,2,2,2,0,0,0,0,0,0,0,0,0,0,0,0,0,0,0,1,0,0,1,0,0,16,15,5,7,2,1,0,0,0,0,3,2,1,1,1,1,0,0,0,0,0,0,0,0,0,0,0,0,1,0,0,1,0,0,0,1,0,0,1,0,1,0,0,0.9,0.4,,
16,15,5,7,2,0,0,0,0,1,2,2,2,0,0,0,0,0,0,0,0,0,0,0,0,0,0,0,1,0,0,1,0,0,16,15,5,7,2,1,0,0,0,0,3,0,0,0,2,1,1,0,0,0,0,0,0,1,1,0,0,0,1,0,0,1,0,0,0,1,0,0,1,0,1,0,0,0.9,0.1,,
16,15,5,7,2,1,0,0,0,0,3,1,0,1,0,0,0,0,0,0,0,0,0,1,1,0,1,0,1,0,0,1,0,0,16,15,5,7,2,0,0,0,0,1,2,2,2,0,0,0,0,0,0,0,0,0,0,0,0,0,0,0,1,0,0,1,0,0,0,1,0,0,1,0,1,0,0,0.9,0.5,,
16,15,5,7,2,1,0,0,0,0,3,1,0,1,0,0,0,0,0,0,0,0,0,1,1,0,1,0,1,0,0,1,0,0,16,15,5,7,2,0,0,1,0,0,1,1,0,1,0,0,0,0,0,0,0,0,0,0,0,0,0,0,0,0,0,0,0,0,1,0,0,0,1,0,1,0,0,0.9,0.4,,
16,15,5,7,2,0,0,1,0,0,2,1,1,0,1,1,0,0,0,0,0,0,0,0,0,0,0,0,0,0,0,0,0,0,16,15,5,7,2,1,0,0,0,0,4,1,1,0,0,0,0,1,1,0,0,0,0,0,0,0,2,0,0,0,0,0,0,0,0,1,0,0,1,0,1,0,0,0.9,0.9,,
16,15,5,7,2,1,0,0,0,0,4,1,1,0,0,0,0,1,1,0,0,0,0,0,0,0,2,0,0,0,0,0,0,0,16,15,5,7,2,0,0,1,0,0,2,1,1,0,1,1,0,0,0,0,0,0,0,0,0,0,0,0,0,0,0,0,0,0,0,1,0,0,1,0,1,0,0,0.9,0.9,,
16,15,5,7,2,1,0,0,0,0,4,1,1,0,0,0,0,1,1,0,0,0,0,0,0,0,2,0,0,0,0,0,0,0,16,15,5,7,2,0,0,1,0,0,2,1,1,0,0,0,0,0,0,0,0,0,0,0,0,0,1,0,0,0,0,0,0,0,1,0,0,0,1,0,1,0,0,0.9,0.4,,
16,15,5,7,2,1,0,0,0,0,3,1,1,0,0,0,0,2,1,1,0,0,0,0,0,0,0,0,0,0,0,0,0,0,16,15,5,7,2,0,0,1,0,0,2,1,1,0,0,0,0,0,0,0,0,0,0,0,0,0,1,0,0,0,0,0,0,0,0,1,0,0,1,0,1,0,0,0.9,0.2,,
16,15,5,7,2,0,0,1,0,0,2,1,1,0,0,0,0,0,0,0,0,0,0,0,0,0,1,0,0,0,0,0,0,0,16,15,5,7,2,1,0,0,0,0,4,1,1,0,0,0,0,1,1,0,0,0,0,0,0,0,2,0,0,0,0,0,0,0,1,0,0,0,1,0,1,0,0,0.9,0.4,,
