<?xml version="1.0" encoding="latin1"?>
<EXTENSION VERSION="18.1">
<LOGICS>
<LOGICITEM NAME="DisplayStyle">
	<STATE NAME="Viewer3dDisplayStyleState" VERSION="18.1">
	<PROPERTIES>
	</PROPERTIES>
	</STATE>
</LOGICITEM>
<LOGICITEM NAME="Labels">
	<STATE NAME="Viewer3dLabelsState" VERSION="18.1">
	<PROPERTIES>
	<PROPERTY NAME="SelectedProperties">
	<VALUE>
	<ITEM>ElementSymbol</ITEM>
	</VALUE>
	</PROPERTY>
	</PROPERTIES>
	</STATE>
</LOGICITEM>
<LOGICITEM NAME="Lighting">
	<STATE NAME="Viewer3dLightingState" VERSION="18.1">
	<PROPERTIES>
	</PROPERTIES>
	</STATE>
</LOGICITEM>
<LOGICITEM NAME="MovementOptions">
	<STATE NAME="Viewer3dMovementOptionsState" VERSION="18.1">
	<PROPERTIES>
	</PROPERTIES>
	</STATE>
</LOGICITEM>
<LOGICITEM NAME="Options">
	<STATE NAME="Viewer3dOptionsState" VERSION="18.1">
	<PROPERTIES>
	<PROPERTY NAME="BackgroundColor">
	<VALUE>16777215</VALUE>
	</PROPERTY>
	</PROPERTIES>
	</STATE>
</LOGICITEM>
<LOGICITEM NAME="Transform">
	<STATE NAME="Viewer3dTransformState" VERSION="18.1">
	<PROPERTIES>
	<PROPERTY NAME="CameraX">
	<VALUE>46.28234518729899</VALUE>
	</PROPERTY>
	<PROPERTY NAME="CameraY">
	<VALUE>24.84541298949113</VALUE>
	</PROPERTY>
	<PROPERTY NAME="CameraZ">
	<VALUE>2.120142877178357</VALUE>
	</PROPERTY>
	<PROPERTY NAME="ViewX">
	<VALUE>12.25701808929443</VALUE>
	</PROPERTY>
	<PROPERTY NAME="ViewY">
	<VALUE>8.860475063323975</VALUE>
	</PROPERTY>
	<PROPERTY NAME="ViewZ">
	<VALUE>12.47146243974567</VALUE>
	</PROPERTY>
	<PROPERTY NAME="UpX">
	<VALUE>-0.479212772729772</VALUE>
	</PROPERTY>
	<PROPERTY NAME="UpY">
	<VALUE>0.6137340657737073</VALUE>
	</PROPERTY>
	<PROPERTY NAME="UpZ">
	<VALUE>-0.6274437145764699</VALUE>
	</PROPERTY>
	</PROPERTIES>
	</STATE>
</LOGICITEM>
</LOGICS>
</EXTENSION>
