<?xml version="1.0" encoding="latin1"?>
<EXTENSION VERSION="18.1">
<LOGICS>
<LOGICITEM NAME="DisplayStyle">
	<STATE NAME="Viewer3dDisplayStyleState" VERSION="18.1">
	<PROPERTIES>
	</PROPERTIES>
	</STATE>
</LOGICITEM>
<LOGICITEM NAME="Labels">
	<STATE NAME="Viewer3dLabelsState" VERSION="18.1">
	<PROPERTIES>
	<PROPERTY NAME="SelectedProperties">
	<VALUE>
	<ITEM>ElementSymbol</ITEM>
	</VALUE>
	</PROPERTY>
	</PROPERTIES>
	</STATE>
</LOGICITEM>
<LOGICITEM NAME="Lighting">
	<STATE NAME="Viewer3dLightingState" VERSION="18.1">
	<PROPERTIES>
	</PROPERTIES>
	</STATE>
</LOGICITEM>
<LOGICITEM NAME="MovementOptions">
	<STATE NAME="Viewer3dMovementOptionsState" VERSION="18.1">
	<PROPERTIES>
	</PROPERTIES>
	</STATE>
</LOGICITEM>
<LOGICITEM NAME="Options">
	<STATE NAME="Viewer3dOptionsState" VERSION="18.1">
	<PROPERTIES>
	<PROPERTY NAME="BackgroundColor">
	<VALUE>16777215</VALUE>
	</PROPERTY>
	</PROPERTIES>
	</STATE>
</LOGICITEM>
<LOGICITEM NAME="Transform">
	<STATE NAME="Viewer3dTransformState" VERSION="18.1">
	<PROPERTIES>
	<PROPERTY NAME="CameraX">
	<VALUE>11.44295361938502</VALUE>
	</PROPERTY>
	<PROPERTY NAME="CameraY">
	<VALUE>11.51446633455571</VALUE>
	</PROPERTY>
	<PROPERTY NAME="CameraZ">
	<VALUE>-1.982563075997943</VALUE>
	</PROPERTY>
	<PROPERTY NAME="ViewX">
	<VALUE>18.3036295205818</VALUE>
	</PROPERTY>
	<PROPERTY NAME="ViewY">
	<VALUE>14.28534483374356</VALUE>
	</PROPERTY>
	<PROPERTY NAME="ViewZ">
	<VALUE>9.724364057401852</VALUE>
	</PROPERTY>
	<PROPERTY NAME="UpX">
	<VALUE>0.6884583732868533</VALUE>
	</PROPERTY>
	<PROPERTY NAME="UpY">
	<VALUE>0.5029955673148998</VALUE>
	</PROPERTY>
	<PROPERTY NAME="UpZ">
	<VALUE>-0.5225136625130309</VALUE>
	</PROPERTY>
	</PROPERTIES>
	</STATE>
</LOGICITEM>
</LOGICS>
</EXTENSION>
