<?xml version="1.0" encoding="latin1"?>
<EXTENSION VERSION="18.1">
<LOGICS>
<LOGICITEM NAME="DisplayStyle">
	<STATE NAME="Viewer3dDisplayStyleState" VERSION="18.1">
	<PROPERTIES>
	</PROPERTIES>
	</STATE>
</LOGICITEM>
<LOGICITEM NAME="Labels">
	<STATE NAME="Viewer3dLabelsState" VERSION="18.1">
	<PROPERTIES>
	<PROPERTY NAME="SelectedProperties">
	<VALUE>
	<ITEM>ElementSymbol</ITEM>
	</VALUE>
	</PROPERTY>
	</PROPERTIES>
	</STATE>
</LOGICITEM>
<LOGICITEM NAME="Lighting">
	<STATE NAME="Viewer3dLightingState" VERSION="18.1">
	<PROPERTIES>
	</PROPERTIES>
	</STATE>
</LOGICITEM>
<LOGICITEM NAME="MovementOptions">
	<STATE NAME="Viewer3dMovementOptionsState" VERSION="18.1">
	<PROPERTIES>
	</PROPERTIES>
	</STATE>
</LOGICITEM>
<LOGICITEM NAME="Options">
	<STATE NAME="Viewer3dOptionsState" VERSION="18.1">
	<PROPERTIES>
	<PROPERTY NAME="BackgroundColor">
	<VALUE>16777215</VALUE>
	</PROPERTY>
	</PROPERTIES>
	</STATE>
</LOGICITEM>
<LOGICITEM NAME="Transform">
	<STATE NAME="Viewer3dTransformState" VERSION="18.1">
	<PROPERTIES>
	<PROPERTY NAME="CameraX">
	<VALUE>-1.3626854424509</VALUE>
	</PROPERTY>
	<PROPERTY NAME="CameraY">
	<VALUE>2.683735789418001</VALUE>
	</PROPERTY>
	<PROPERTY NAME="CameraZ">
	<VALUE>14.55103355049449</VALUE>
	</PROPERTY>
	<PROPERTY NAME="ViewX">
	<VALUE>1.600044250488281</VALUE>
	</PROPERTY>
	<PROPERTY NAME="ViewY">
	<VALUE>2.760052084922791</VALUE>
	</PROPERTY>
	<PROPERTY NAME="ViewZ">
	<VALUE>-1.34652853012085e-002</VALUE>
	</PROPERTY>
	<PROPERTY NAME="UpX">
	<VALUE>-0.1297579465353861</VALUE>
	</PROPERTY>
	<PROPERTY NAME="UpY">
	<VALUE>0.991319013802625</VALUE>
	</PROPERTY>
	<PROPERTY NAME="UpZ">
	<VALUE>-2.12011363919654e-002</VALUE>
	</PROPERTY>
	</PROPERTIES>
	</STATE>
</LOGICITEM>
</LOGICS>
</EXTENSION>
