<?xml version="1.0" encoding="latin1"?>
<EXTENSION VERSION="18.1">
<LOGICS>
<LOGICITEM NAME="DisplayStyle">
	<STATE NAME="Viewer3dDisplayStyleState" VERSION="18.1">
	<PROPERTIES>
	</PROPERTIES>
	</STATE>
</LOGICITEM>
<LOGICITEM NAME="Labels">
	<STATE NAME="Viewer3dLabelsState" VERSION="18.1">
	<PROPERTIES>
	<PROPERTY NAME="SelectedProperties">
	<VALUE>
	<ITEM>ElementSymbol</ITEM>
	</VALUE>
	</PROPERTY>
	</PROPERTIES>
	</STATE>
</LOGICITEM>
<LOGICITEM NAME="Lighting">
	<STATE NAME="Viewer3dLightingState" VERSION="18.1">
	<PROPERTIES>
	</PROPERTIES>
	</STATE>
</LOGICITEM>
<LOGICITEM NAME="MovementOptions">
	<STATE NAME="Viewer3dMovementOptionsState" VERSION="18.1">
	<PROPERTIES>
	</PROPERTIES>
	</STATE>
</LOGICITEM>
<LOGICITEM NAME="Options">
	<STATE NAME="Viewer3dOptionsState" VERSION="18.1">
	<PROPERTIES>
	<PROPERTY NAME="BackgroundColor">
	<VALUE>16777215</VALUE>
	</PROPERTY>
	</PROPERTIES>
	</STATE>
</LOGICITEM>
<LOGICITEM NAME="Transform">
	<STATE NAME="Viewer3dTransformState" VERSION="18.1">
	<PROPERTIES>
	<PROPERTY NAME="CameraX">
	<VALUE>9.526798009872437</VALUE>
	</PROPERTY>
	<PROPERTY NAME="CameraY">
	<VALUE>14.5063841342926</VALUE>
	</PROPERTY>
	<PROPERTY NAME="CameraZ">
	<VALUE>62.11253333091736</VALUE>
	</PROPERTY>
	<PROPERTY NAME="ViewX">
	<VALUE>9.526798009872437</VALUE>
	</PROPERTY>
	<PROPERTY NAME="ViewY">
	<VALUE>14.5063841342926</VALUE>
	</PROPERTY>
	<PROPERTY NAME="ViewZ">
	<VALUE>8.250916004180908</VALUE>
	</PROPERTY>
	</PROPERTIES>
	</STATE>
</LOGICITEM>
</LOGICS>
</EXTENSION>
