<?xml version="1.0" encoding="latin1"?>
<EXTENSION VERSION="18.1">
<LOGICS>
<LOGICITEM NAME="AmorphousBuilder">
	<STATE NAME="AmorphousBuilder" VERSION="18.1">
	<PROPERTIES>
	</PROPERTIES>
	</STATE>
</LOGICITEM>
<LOGICITEM NAME="AmorphousBuilderClassicalEnergy">
	<STATE NAME="ClassicalEnergy - Classical Energy Server" VERSION="18.1">
	<PROPERTIES>
	</PROPERTIES>
	</STATE>
</LOGICITEM>
<LOGICITEM NAME="AmorphousBuilderConfigBiasMonteCarlo">
	<STATE NAME="SorptionConfigBiasMonteCarlo" VERSION="18.1">
	<PROPERTIES>
	</PROPERTIES>
	</STATE>
</LOGICITEM>
<LOGICITEM NAME="AmorphousBuilderConfinedLayer">
</LOGICITEM>
<LOGICITEM NAME="AmorphousBuilderConstruction">
</LOGICITEM>
<LOGICITEM NAME="AmorphousBuilderCreateLattice">
	<STATE NAME="CreateLattice" VERSION="18.1">
	<PROPERTIES>
	<PROPERTY NAME="LengthA">
	<VALUE>24.42725258117744</VALUE>
	</PROPERTY>
	<PROPERTY NAME="LengthB">
	<VALUE>24.42725258117744</VALUE>
	</PROPERTY>
	<PROPERTY NAME="LengthC">
	<VALUE>24.42725258117744</VALUE>
	</PROPERTY>
	<PROPERTY NAME="Volume">
	<VALUE>14575.51367630283</VALUE>
	</PROPERTY>
	</PROPERTIES>
	</STATE>
</LOGICITEM>
<LOGICITEM NAME="AmorphousBuilderFindTorsions">
	<STATE NAME="Find Torsions" VERSION="18.1">
	<PROPERTIES>
	</PROPERTIES>
	</STATE>
</LOGICITEM>
<LOGICITEM NAME="AmorphousBuilderIntraMolecularEnergy">
	<STATE NAME="ClassicalEnergy - Classical Energy Server" VERSION="18.1">
	<PROPERTIES>
	</PROPERTIES>
	</STATE>
</LOGICITEM>
<LOGICITEM NAME="AmorphousBuilderJobHandler">
</LOGICITEM>
<LOGICITEM NAME="AmorphousBuilderJobLauncher">
	<STATE NAME="SMXAmorphousBuilder.AmorphousBuilderJobLauncher" VERSION="18.1">
	<PROPERTIES>
	<PROPERTY NAME="TaskTypeDescription">
	<VALUE>Construct</VALUE>
	</PROPERTY>
	</PROPERTIES>
	</STATE>
</LOGICITEM>
<LOGICITEM NAME="AmorphousBuilderMinimizer">
	<STATE NAME="Minimize" VERSION="18.1">
	<PROPERTIES>
	</PROPERTIES>
	</STATE>
</LOGICITEM>
<LOGICITEM NAME="AmorphousBuilderMinimizerEnergy">
	<STATE NAME="ClassicalEnergy - Classical Energy Server" VERSION="18.1">
	<PROPERTIES>
	</PROPERTIES>
	</STATE>
</LOGICITEM>
<LOGICITEM NAME="AmorphousBuilderPacking">
</LOGICITEM>
<LOGICITEM NAME="AmorphousBuilderServer">
	<STATE NAME="AmorphousBuilderServer" VERSION="18.1">
	<PROPERTIES>
	<PROPERTY NAME="Temperature">
	<VALUE>300.</VALUE>
	</PROPERTY>
	<PROPERTY NAME="Configurations">
	<VALUE>20</VALUE>
	</PROPERTY>
	<PROPERTY NAME="TargetDensity">
	<VALUE>7.9e-002</VALUE>
	</PROPERTY>
	</PROPERTIES>
	</STATE>
</LOGICITEM>
<LOGICITEM NAME="AmorphousBuilderSystem">
	<STATE NAME="SorptionSystem" VERSION="18.1">
	<PROPERTIES>
	<PROPERTY NAME="SorbateID">
	<VALUE>
	<ITEM>{457C2933-2144-4F8E-BD31-B85AD683CBC5}</ITEM>
	<ITEM>{3628A455-46CA-463D-B355-A163032AC12B}</ITEM>
	</VALUE>
	</PROPERTY>
	<PROPERTY NAME="SorbateLoading">
	<VALUE>
	<ITEM>1</ITEM>
	<ITEM>15</ITEM>
	</VALUE>
	</PROPERTY>
	<PROPERTY NAME="SorbateMoleRatio">
	<VALUE>
	<ITEM>1.</ITEM>
	<ITEM>1.</ITEM>
	</VALUE>
	</PROPERTY>
	</PROPERTIES>
	</STATE>
</LOGICITEM>
<LOGICITEM NAME="AmorphousBuilderTrjMinimizer">
	<STATE NAME="ForciteTrjHelper" VERSION="18.1">
	<PROPERTIES>
	</PROPERTIES>
	</STATE>
</LOGICITEM>
<LOGICITEM NAME="BondIncrement">
	<STATE NAME="BondIncrement" VERSION="18.1">
	<PROPERTIES>
	</PROPERTIES>
	</STATE>
</LOGICITEM>
<LOGICITEM NAME="BondOrder">
	<STATE NAME="UFFBondOrder" VERSION="18.1">
	<PROPERTIES>
	</PROPERTIES>
	</STATE>
</LOGICITEM>
<LOGICITEM NAME="ChargeEditor">
	<STATE NAME="SMXCharge.ChargeEditor" VERSION="18.1">
	<PROPERTIES>
	</PROPERTIES>
	</STATE>
</LOGICITEM>
<LOGICITEM NAME="ChargeGasteiger">
	<STATE NAME="SMXCharge.ChargeGasteiger" VERSION="18.1">
	<PROPERTIES>
	</PROPERTIES>
	</STATE>
</LOGICITEM>
<LOGICITEM NAME="ChargeGroups">
	<STATE NAME="Charge Groups" VERSION="18.1">
	<PROPERTIES>
	</PROPERTIES>
	</STATE>
</LOGICITEM>
<LOGICITEM NAME="ChargeQEq">
	<STATE NAME="SMXCharge.ChargeQEq" VERSION="18.1">
	<PROPERTIES>
	</PROPERTIES>
	</STATE>
</LOGICITEM>
<LOGICITEM NAME="ForcefieldChooser">
	<STATE NAME="ForciteForcefieldChooser" VERSION="18.1">
	<PROPERTIES>
	<PROPERTY NAME="CurrentForcefield">
	<VALUE>COMPASSII</VALUE>
	</PROPERTY>
	</PROPERTIES>
	</STATE>
</LOGICITEM>
<LOGICITEM NAME="ForcefieldPreparation">
	<STATE NAME="Forcefield preparation" VERSION="18.1">
	<PROPERTIES>
	</PROPERTIES>
	</STATE>
</LOGICITEM>
<LOGICITEM NAME="OFFAtomTyping">
	<STATE NAME="OFFAtomTyping" VERSION="18.1">
	<PROPERTIES>
	</PROPERTIES>
	</STATE>
</LOGICITEM>
<LOGICITEM NAME="PotentialAtomTyping">
	<STATE NAME="PotentialAtomTyping" VERSION="18.1">
	<PROPERTIES>
	</PROPERTIES>
	</STATE>
</LOGICITEM>
<LOGICITEM NAME="RampDensity">
	<STATE NAME="Ramp Density" VERSION="18.1">
	<PROPERTIES>
	</PROPERTIES>
	</STATE>
</LOGICITEM>
<LOGICITEM NAME="RampDensityDynamics">
	<STATE NAME="Dynamics" VERSION="18.1">
	<PROPERTIES>
	</PROPERTIES>
	</STATE>
</LOGICITEM>
<LOGICITEM NAME="RampDensityMinimize">
	<STATE NAME="Minimize" VERSION="18.1">
	<PROPERTIES>
	</PROPERTIES>
	</STATE>
</LOGICITEM>
<LOGICITEM NAME="RestrainRings">
	<STATE NAME="RestrainRings" VERSION="18.1">
	<PROPERTIES>
	</PROPERTIES>
	</STATE>
</LOGICITEM>
<LOGICITEM NAME="RestrainRingsMinimize">
	<STATE NAME="Minimize" VERSION="18.1">
	<PROPERTIES>
	</PROPERTIES>
	</STATE>
</LOGICITEM>
</LOGICS>
</EXTENSION>
