<?xml version="1.0" encoding="latin1"?>
<EXTENSION VERSION="18.1">
<LOGICS>
<LOGICITEM NAME="BondIncrement">
	<STATE NAME="BondIncrement" VERSION="18.1">
	<PROPERTIES>
	</PROPERTIES>
	</STATE>
</LOGICITEM>
<LOGICITEM NAME="BondOrder">
	<STATE NAME="UFFBondOrder" VERSION="18.1">
	<PROPERTIES>
	</PROPERTIES>
	</STATE>
</LOGICITEM>
<LOGICITEM NAME="ChargeEditor">
	<STATE NAME="SMXCharge.ChargeEditor" VERSION="18.1">
	<PROPERTIES>
	</PROPERTIES>
	</STATE>
</LOGICITEM>
<LOGICITEM NAME="ChargeGasteiger">
	<STATE NAME="SMXCharge.ChargeGasteiger" VERSION="18.1">
	<PROPERTIES>
	</PROPERTIES>
	</STATE>
</LOGICITEM>
<LOGICITEM NAME="ChargeGroups">
	<STATE NAME="Charge Groups" VERSION="18.1">
	<PROPERTIES>
	</PROPERTIES>
	</STATE>
</LOGICITEM>
<LOGICITEM NAME="ChargeQEq">
	<STATE NAME="SMXCharge.ChargeQEq" VERSION="18.1">
	<PROPERTIES>
	</PROPERTIES>
	</STATE>
</LOGICITEM>
<LOGICITEM NAME="ClassicalEnergy">
	<STATE NAME="ClassicalEnergy - Classical Energy Server" VERSION="18.1">
	<PROPERTIES>
	<PROPERTY NAME="Hints">
	<VALUE>
	<ITEM>0002</ITEM>
	<ITEM>1001</ITEM>
	</VALUE>
	</PROPERTY>
	</PROPERTIES>
	</STATE>
</LOGICITEM>
<LOGICITEM NAME="CohesiveEnergyDensity">
	<STATE NAME="CohesiveEnergyDensity" VERSION="18.1">
	<PROPERTIES>
	</PROPERTIES>
	</STATE>
</LOGICITEM>
<LOGICITEM NAME="ConfinedShear">
	<STATE NAME="Dynamics" VERSION="18.1">
	<PROPERTIES>
	</PROPERTIES>
	</STATE>
</LOGICITEM>
<LOGICITEM NAME="Dynamics">
	<STATE NAME="Dynamics" VERSION="18.1">
	<PROPERTIES>
	<PROPERTY NAME="Ensemble0D">
	<VALUE>2</VALUE>
	</PROPERTY>
	<PROPERTY NAME="Temperature">
	<VALUE>300.</VALUE>
	</PROPERTY>
	<PROPERTY NAME="Thermostat">
	<VALUE>4</VALUE>
	</PROPERTY>
	</PROPERTIES>
	</STATE>
</LOGICITEM>
<LOGICITEM NAME="ForcefieldChooser">
	<STATE NAME="ForciteForcefieldChooser" VERSION="18.1">
	<PROPERTIES>
	<PROPERTY NAME="CurrentForcefield">
	<VALUE>COMPASSII</VALUE>
	</PROPERTY>
	<PROPERTY NAME="RecentlyUsedForcefields">
	<VALUE></VALUE>
	</PROPERTY>
	</PROPERTIES>
	</STATE>
</LOGICITEM>
<LOGICITEM NAME="ForcefieldPreparation">
	<STATE NAME="Forcefield preparation" VERSION="18.1">
	<PROPERTIES>
	</PROPERTIES>
	</STATE>
</LOGICITEM>
<LOGICITEM NAME="ForciteJobHandler">
</LOGICITEM>
<LOGICITEM NAME="ForciteJobLauncher">
	<STATE NAME="ForciteJobLauncherState" VERSION="18.1">
	<PROPERTIES>
	<PROPERTY NAME="TaskTypeDescription">
	<VALUE>Dynamics</VALUE>
	</PROPERTY>
	<PROPERTY NAME="MpiNumProcessors">
	<VALUE>2</VALUE>
	</PROPERTY>
	</PROPERTIES>
	</STATE>
</LOGICITEM>
<LOGICITEM NAME="ForciteLogic">
	<STATE NAME="Forcite" VERSION="18.1">
	<PROPERTIES>
	<PROPERTY NAME="Task">
	<VALUE>3</VALUE>
	</PROPERTY>
	</PROPERTIES>
	</STATE>
</LOGICITEM>
<LOGICITEM NAME="ForciteTrjHelper">
	<STATE NAME="ForciteTrjHelper" VERSION="18.1">
	<PROPERTIES>
	</PROPERTIES>
	</STATE>
</LOGICITEM>
<LOGICITEM NAME="FreeEnergyLogic">
	<STATE NAME="FreeEnergy" VERSION="18.1">
	<PROPERTIES>
	</PROPERTIES>
	</STATE>
</LOGICITEM>
<LOGICITEM NAME="MechanicalProperties">
	<STATE NAME="MechanicalProperties" VERSION="18.1">
	<PROPERTIES>
	</PROPERTIES>
	</STATE>
</LOGICITEM>
<LOGICITEM NAME="Minimizer">
	<STATE NAME="Minimize" VERSION="18.1">
	<PROPERTIES>
	<PROPERTY NAME="SmartOptimizationAlgorithm">
	<VALUE>
	<ITEM>2</ITEM>
	<ITEM>5</ITEM>
	<ITEM>4</ITEM>
	</VALUE>
	</PROPERTY>
	<PROPERTY NAME="SmartAtomLimit">
	<VALUE>
	<ITEM>0</ITEM>
	<ITEM>0</ITEM>
	<ITEM>0</ITEM>
	</VALUE>
	</PROPERTY>
	<PROPERTY NAME="SmartAssymetericAtomLimit">
	<VALUE>
	<ITEM>0</ITEM>
	<ITEM>0</ITEM>
	<ITEM>200</ITEM>
	</VALUE>
	</PROPERTY>
	<PROPERTY NAME="SmartExitCriteria">
	<VALUE>
	<ITEM>1000.</ITEM>
	<ITEM>50.</ITEM>
	<ITEM>0.1</ITEM>
	</VALUE>
	</PROPERTY>
	</PROPERTIES>
	</STATE>
</LOGICITEM>
<LOGICITEM NAME="OFFAtomTyping">
	<STATE NAME="OFFAtomTyping" VERSION="18.1">
	<PROPERTIES>
	</PROPERTIES>
	</STATE>
</LOGICITEM>
<LOGICITEM NAME="PotentialAtomTyping">
	<STATE NAME="PotentialAtomTyping" VERSION="18.1">
	<PROPERTIES>
	</PROPERTIES>
	</STATE>
</LOGICITEM>
<LOGICITEM NAME="QuenchTrjHelper">
	<STATE NAME="ForciteTrjHelper" VERSION="18.1">
	<PROPERTIES>
	</PROPERTIES>
	</STATE>
</LOGICITEM>
<LOGICITEM NAME="ScriptedConfinedShear">
</LOGICITEM>
<LOGICITEM NAME="ScriptedDynamics">
</LOGICITEM>
<LOGICITEM NAME="ScriptedGeometryOptimization">
</LOGICITEM>
<LOGICITEM NAME="ScriptedShear">
</LOGICITEM>
<LOGICITEM NAME="Shear">
	<STATE NAME="Dynamics" VERSION="18.1">
	<PROPERTIES>
	</PROPERTIES>
	</STATE>
</LOGICITEM>
<LOGICITEM NAME="TrajectoryAnalysis">
	<STATE NAME="TrajAnalysis" VERSION="18.1">
	<PROPERTIES>
	<PROPERTY NAME="ViewInStudyTableProperties">
	<VALUE>
	<ITEM>Time</ITEM>
	<ITEM>Frame step</ITEM>
	<ITEM>Frame number</ITEM>
	<ITEM>Hamiltonian</ITEM>
	<ITEM>Total kinetic energy</ITEM>
	<ITEM>Potential energy components</ITEM>
	<ITEM>Pressure</ITEM>
	<ITEM>Temperature</ITEM>
	<ITEM>Density</ITEM>
	<ITEM>Cell volume</ITEM>
	<ITEM>Cell parameters</ITEM>
	</VALUE>
	</PROPERTY>
	</PROPERTIES>
	</STATE>
</LOGICITEM>
</LOGICS>
</EXTENSION>
