<?xml version="1.0" encoding="latin1"?>
<EXTENSION VERSION="18.1">
<LOGICS>
<LOGICITEM NAME="BondOrder">
	<STATE NAME="UFFBondOrder" VERSION="18.1">
	<PROPERTIES>
	</PROPERTIES>
	</STATE>
</LOGICITEM>
<LOGICITEM NAME="GulpAnalysis">
	<STATE NAME="SMXGulp.GulpAnalysis" VERSION="18.1">
	<PROPERTIES>
	<PROPERTY NAME="PhononDispersionGenerator">
	<VALUE>SMXQMUtilities.PhononDispersionGenerator</VALUE>
	</PROPERTY>
	</PROPERTIES>
	</STATE>
</LOGICITEM>
<LOGICITEM NAME="GulpClassicalEnergy">
	<STATE NAME="ClassicalEnergy - Classical Energy Server" VERSION="18.1">
	<PROPERTIES>
	</PROPERTIES>
	</STATE>
</LOGICITEM>
<LOGICITEM NAME="GulpForcefieldChooser">
	<STATE NAME="ForciteForcefieldChooser" VERSION="18.1">
	<PROPERTIES>
	</PROPERTIES>
	</STATE>
</LOGICITEM>
<LOGICITEM NAME="GulpLogic">
	<STATE NAME="SMXGulp.GulpLogic" VERSION="18.1">
	<PROPERTIES>
	<PROPERTY NAME="Task">
	<VALUE>3</VALUE>
	</PROPERTY>
	<PROPERTY NAME="library">
	<VALUE>reaxff_general</VALUE>
	</PROPERTY>
	<PROPERTY NAME="Lattice_properties">
	<VALUE>false</VALUE>
	</PROPERTY>
	<PROPERTY NAME="Phonon">
	<VALUE>false</VALUE>
	</PROPERTY>
	<PROPERTY NAME="ensemble">
	<VALUE>2</VALUE>
	</PROPERTY>
	<PROPERTY NAME="ensemble_temperature">
	<VALUE>300.</VALUE>
	</PROPERTY>
	<PROPERTY NAME="equilibration">
	<VALUE>50.</VALUE>
	</PROPERTY>
	<PROPERTY NAME="timestep">
	<VALUE>0.1</VALUE>
	</PROPERTY>
	<PROPERTY NAME="write">
	<VALUE>10000</VALUE>
	</PROPERTY>
	<PROPERTY NAME="number_of_steps">
	<VALUE>2000000</VALUE>
	</PROPERTY>
	<PROPERTY NAME="PhononDispersionKPGenerator">
	<VALUE>SMXQMUtilities.KPointPathGenerator</VALUE>
	</PROPERTY>
	</PROPERTIES>
	</STATE>
</LOGICITEM>
<LOGICITEM NAME="GulpOFFAtomTyping">
	<STATE NAME="OFFAtomTyping" VERSION="18.1">
	<PROPERTIES>
	</PROPERTIES>
	</STATE>
</LOGICITEM>
<LOGICITEM NAME="GulpPotentialAtomTyping">
	<STATE NAME="PotentialAtomTyping" VERSION="18.1">
	<PROPERTIES>
	</PROPERTIES>
	</STATE>
</LOGICITEM>
<LOGICITEM NAME="GulpPreparation">
	<STATE NAME="Forcefield preparation" VERSION="18.1">
	<PROPERTIES>
	</PROPERTIES>
	</STATE>
</LOGICITEM>
<LOGICITEM NAME="KPointSetGenerator">
	<STATE NAME="QM Utilities k-point set State" VERSION="18.1">
	<PROPERTIES>
	</PROPERTIES>
	</STATE>
</LOGICITEM>
<LOGICITEM NAME="ObservableData">
	<STATE NAME="SMXGulp.GulpObservableData" VERSION="18.1">
	<PROPERTIES>
	</PROPERTIES>
	</STATE>
</LOGICITEM>
<LOGICITEM NAME="QMJobHandler">
</LOGICITEM>
<LOGICITEM NAME="QMJobTemplate">
	<STATE NAME="QMJobTemplate" VERSION="18.1">
	<PROPERTIES>
	<PROPERTY NAME="MpiRequested">
	<VALUE>true</VALUE>
	</PROPERTY>
	<PROPERTY NAME="MpiNumProcessors">
	<VALUE>2</VALUE>
	</PROPERTY>
	</PROPERTIES>
	</STATE>
</LOGICITEM>
<LOGICITEM NAME="SurfaceCalculator">
	<STATE NAME="SMXGulp.SurfaceCalculator" VERSION="18.1">
	<PROPERTIES>
	</PROPERTIES>
	</STATE>
</LOGICITEM>
</LOGICS>
</EXTENSION>
