<?xml version="1.0" encoding="latin1"?>
<EXTENSION VERSION="18.1">
<LOGICS>
<LOGICITEM NAME="DisplayStyle">
	<STATE NAME="Viewer3dDisplayStyleState" VERSION="18.1">
	<PROPERTIES>
	</PROPERTIES>
	</STATE>
</LOGICITEM>
<LOGICITEM NAME="Labels">
	<STATE NAME="Viewer3dLabelsState" VERSION="18.1">
	<PROPERTIES>
	<PROPERTY NAME="SelectedProperties">
	<VALUE>
	<ITEM>ElementSymbol</ITEM>
	</VALUE>
	</PROPERTY>
	</PROPERTIES>
	</STATE>
</LOGICITEM>
<LOGICITEM NAME="Lighting">
	<STATE NAME="Viewer3dLightingState" VERSION="18.1">
	<PROPERTIES>
	</PROPERTIES>
	</STATE>
</LOGICITEM>
<LOGICITEM NAME="MovementOptions">
	<STATE NAME="Viewer3dMovementOptionsState" VERSION="18.1">
	<PROPERTIES>
	</PROPERTIES>
	</STATE>
</LOGICITEM>
<LOGICITEM NAME="Options">
	<STATE NAME="Viewer3dOptionsState" VERSION="18.1">
	<PROPERTIES>
	<PROPERTY NAME="BackgroundColor">
	<VALUE>16777215</VALUE>
	</PROPERTY>
	</PROPERTIES>
	</STATE>
</LOGICITEM>
<LOGICITEM NAME="Transform">
	<STATE NAME="Viewer3dTransformState" VERSION="18.1">
	<PROPERTIES>
	<PROPERTY NAME="CameraX">
	<VALUE>-1.803393578403387</VALUE>
	</PROPERTY>
	<PROPERTY NAME="CameraY">
	<VALUE>6.579569797844169</VALUE>
	</PROPERTY>
	<PROPERTY NAME="CameraZ">
	<VALUE>16.29080594938046</VALUE>
	</PROPERTY>
	<PROPERTY NAME="ViewX">
	<VALUE>-2.040319442749023</VALUE>
	</PROPERTY>
	<PROPERTY NAME="ViewY">
	<VALUE>4.688735246658325</VALUE>
	</PROPERTY>
	<PROPERTY NAME="ViewZ">
	<VALUE>0.411281481385231</VALUE>
	</PROPERTY>
	<PROPERTY NAME="UpX">
	<VALUE>-2.272757942398081e-002</VALUE>
	</PROPERTY>
	<PROPERTY NAME="UpY">
	<VALUE>0.9927684921402514</VALUE>
	</PROPERTY>
	<PROPERTY NAME="UpZ">
	<VALUE>-0.1178735684837703</VALUE>
	</PROPERTY>
	</PROPERTIES>
	</STATE>
</LOGICITEM>
</LOGICS>
</EXTENSION>
